/*
Navicat MySQL Data Transfer

Source Server         : localhost
Source Server Version : 50505
Source Host           : localhost:3306
Source Database       : e-tracking

Target Server Type    : MYSQL
Target Server Version : 50505
File Encoding         : 65001

Date: 2019-09-04 16:18:50
*/

SET FOREIGN_KEY_CHECKS=0;

-- ----------------------------
-- Table structure for criterion
-- ----------------------------
DROP TABLE IF EXISTS `criterion`;
CREATE TABLE `criterion` (
  `criterion_id` int(11) NOT NULL AUTO_INCREMENT,
  `kpi_id` int(11) NOT NULL,
  `level1` int(11) DEFAULT NULL,
  `level2` int(11) DEFAULT NULL,
  `level3` int(11) DEFAULT NULL,
  `level4` int(11) DEFAULT NULL,
  `level5` int(11) DEFAULT NULL,
  `score1` varchar(255) DEFAULT NULL,
  `score2` varchar(255) DEFAULT NULL,
  `score3` varchar(255) DEFAULT NULL,
  `score4` varchar(255) DEFAULT NULL,
  `score5` varchar(255) DEFAULT NULL,
  PRIMARY KEY (`criterion_id`),
  KEY `fk_
criterion_Kpi1_idx` (`kpi_id`) USING BTREE,
  CONSTRAINT `fk_criterion_Kpi1` FOREIGN KEY (`kpi_id`) REFERENCES `kpi` (`kpi_id`) ON DELETE CASCADE ON UPDATE CASCADE
) ENGINE=InnoDB AUTO_INCREMENT=2 DEFAULT CHARSET=utf8;

-- ----------------------------
-- Records of criterion
-- ----------------------------
INSERT INTO `criterion` VALUES ('1', '75', '1', '2', '3', '4', '5', 'เก็บข้อมูลความต้องการ พร้อมทั้งศึกษาโครงสร้าง มาตรฐานและวิธีการเชื่อมโยงข้อมูล', 'ออกแบบระบบบูรณาการฐานข้อมูล', 'พัฒนาระบบเพื่อบูรณาการระบบงาน ธพ. กับฐานข้อมูลทะเบียนราษฎร์ของกรมการปกครอง', 'ทอสอบการใช้งาน จัดทำคู่มือ อบรมผู้ใช้งาน', 'ติดตั้งบนระบบเครือข่าย ธพ. และสามารถใช้งานได้');

-- ----------------------------
-- Table structure for data_type
-- ----------------------------
DROP TABLE IF EXISTS `data_type`;
CREATE TABLE `data_type` (
  `datatype_id` int(11) NOT NULL AUTO_INCREMENT,
  `datatype_name` varchar(255) NOT NULL,
  PRIMARY KEY (`datatype_id`)
) ENGINE=InnoDB AUTO_INCREMENT=3 DEFAULT CHARSET=utf8;

-- ----------------------------
-- Records of data_type
-- ----------------------------
INSERT INTO `data_type` VALUES ('1', 'แผน');
INSERT INTO `data_type` VALUES ('2', 'ผล');

-- ----------------------------
-- Table structure for department
-- ----------------------------
DROP TABLE IF EXISTS `department`;
CREATE TABLE `department` (
  `dept_id` int(11) NOT NULL AUTO_INCREMENT,
  `dept_group_id` int(11) NOT NULL,
  `dept_name` varchar(255) NOT NULL,
  PRIMARY KEY (`dept_id`),
  KEY `fk_department_department_group1_idx` (`dept_group_id`),
  CONSTRAINT `fk_department_department_group1` FOREIGN KEY (`dept_group_id`) REFERENCES `department_group` (`dept_group_id`) ON DELETE NO ACTION ON UPDATE NO ACTION
) ENGINE=InnoDB AUTO_INCREMENT=12 DEFAULT CHARSET=utf8;

-- ----------------------------
-- Records of department
-- ----------------------------
INSERT INTO `department` VALUES ('1', '1', 'กองยุทธศาสตร์และแผนงาน');
INSERT INTO `department` VALUES ('2', '1', 'สำนักงานเลขานุการกรม');
INSERT INTO `department` VALUES ('3', '1', 'กองความปลอดภัยธุรกิจก๊าซธรรมชาติ');
INSERT INTO `department` VALUES ('4', '1', 'กองความปลอดภัยธุรกิจก๊าซปิโตรเลียมเหลว');
INSERT INTO `department` VALUES ('5', '1', 'กองความปลอดภัยธุรกิจน้ำมัน');
INSERT INTO `department` VALUES ('6', '1', 'กองคุณภาพน้ำมันเชื้อเพลิง');
INSERT INTO `department` VALUES ('7', '1', 'กองบริการธุรกิจและการสำรองน้ำมัน');
INSERT INTO `department` VALUES ('8', '1', 'ศูนย์เทคโนโลยีสารสนเทศและการสื่อสาร');
INSERT INTO `department` VALUES ('9', '1', 'สถาบันพัฒนาเทคนิคพลังงาน');
INSERT INTO `department` VALUES ('10', '1', 'กลุ่มตรวจสอบภายใน');
INSERT INTO `department` VALUES ('11', '1', 'กลุ่มพัฒนาระบบบริหาร');

-- ----------------------------
-- Table structure for department_group
-- ----------------------------
DROP TABLE IF EXISTS `department_group`;
CREATE TABLE `department_group` (
  `dept_group_id` int(11) NOT NULL AUTO_INCREMENT,
  `dept_group_name` varchar(255) NOT NULL,
  PRIMARY KEY (`dept_group_id`)
) ENGINE=InnoDB AUTO_INCREMENT=8 DEFAULT CHARSET=utf8;

-- ----------------------------
-- Records of department_group
-- ----------------------------
INSERT INTO `department_group` VALUES ('1', 'กรมธุรกิจพลังงาน');
INSERT INTO `department_group` VALUES ('2', 'ภาคเหนือ');
INSERT INTO `department_group` VALUES ('3', 'ภาคตะวันออกเฉียงเหนือ');
INSERT INTO `department_group` VALUES ('4', 'ภาคกลาง');
INSERT INTO `department_group` VALUES ('5', 'ภาคตะวันออก');
INSERT INTO `department_group` VALUES ('6', 'ภาคตะวันตก');
INSERT INTO `department_group` VALUES ('7', 'ภาคใต้');

-- ----------------------------
-- Table structure for kpi
-- ----------------------------
DROP TABLE IF EXISTS `kpi`;
CREATE TABLE `kpi` (
  `kpi_id` int(11) NOT NULL AUTO_INCREMENT,
  `plan_id` int(11) NOT NULL,
  `target_id` int(11) NOT NULL,
  `kpi_name` longtext NOT NULL,
  `kpi_remark` longtext,
  `kpi_budgetask` double DEFAULT NULL,
  `kpi_budgetgot` double DEFAULT NULL,
  `kpi_count` varchar(255) DEFAULT NULL,
  `kpi_result` varchar(255) DEFAULT NULL,
  `kpi_comment` longtext,
  `dept_id` int(11) DEFAULT NULL,
  `user_id` int(11) DEFAULT NULL,
  `objective` longtext,
  `description` longtext,
  `explanation` longtext,
  `factor` longtext,
  `barrier` longtext,
  `suggestion` longtext,
  `reference` varchar(255) DEFAULT NULL,
  `time` varchar(255) DEFAULT NULL,
  PRIMARY KEY (`kpi_id`),
  KEY `fk_Kpi_Plan1_idx` (`plan_id`),
  KEY `fk_Kpi_Target1_idx` (`target_id`),
  KEY `fk_Kpi_Department1_idx` (`dept_id`),
  KEY `fk_Kpi_User1_idx` (`user_id`) USING BTREE,
  CONSTRAINT `fk_Kpi_Department1` FOREIGN KEY (`dept_id`) REFERENCES `department` (`dept_id`),
  CONSTRAINT `fk_Kpi_Plan1` FOREIGN KEY (`plan_id`) REFERENCES `plan` (`plan_id`),
  CONSTRAINT `fk_Kpi_Target1` FOREIGN KEY (`target_id`) REFERENCES `target` (`target_id`),
  CONSTRAINT `fk_Kpi_User1` FOREIGN KEY (`user_id`) REFERENCES `user` (`user_id`)
) ENGINE=InnoDB AUTO_INCREMENT=76 DEFAULT CHARSET=utf8;

-- ----------------------------
-- Records of kpi
-- ----------------------------
INSERT INTO `kpi` VALUES ('11', '2', '1', 'มีแผนการบริหารจัดการน้ำมันเชื้อเพลิง พ.ศ. 2558 - 2579  (Oil Plan 2018) ที่สอดคล้องกับสถานการณ์', '', '0', '0.2432', null, 'อธพ. เห็นชอบให้ส่งคืนงบประมาณ เนื่องจากคาดว่า กพช. จะเห็นชอบร่าง\r\nแผน PDP ในช่วงเดือนกันยายน 2561 ซึ่งจะทำให้การทบทวนแผน EEP\r\nและแผน AEDP ล่าช้าออกไป และส่งผลให้ไม่สามารถดำเนินโครงการได้\r\nภายในปีงบประมาณ พ.ศ. 2561', 'ไม่เป็นไปตามแผน ทั้งนี้ จะมีการติดตามสถานการณ์การทบทวนแผน PDP EEP และ AEDP รวมถึงเตรียมความพร้อมในการทบทวนแผนบริหารจัดการน้ำมันเชื้อเพลิง', '1', '1', '', '', '', '', '', '', '', '');
INSERT INTO `kpi` VALUES ('12', '3', '2', 'มีการติดตามที่มีประสิทธิภาพ ทันต่อสถานการณ์', '', '0', '0', null, 'รายงาน กบง. ไตรมาสที่ 4/2561 เมื่อวันที่ 19 ต.ค. 2561 และมีการติดตามผลการดำเนินงานเพื่อรายงานให้ กบง. ทราบอย่างต่อเนื่อง', 'เป็นไปตามแผน\r\n     1. ควรมีการประชุมหน่วยงานที่เกี่ยวข้องเพื่อซักซ้อมความเข้าใจ\r\nและกำหนดวันในการรายงานผลและรับทราบถึงปัญหาอุปสรรคในขั้นตอน\r\nการดำเนินการรวบรวมข้อมูลและการรายงาน\r\n     2. ควรมีระบบการติดตามและการรายงานความคืบหน้าการดำเนินงาน\r\nตามแผนบริหารจัดการน้ำมันเชื้อเพลิง พ.ศ. 2558 – 2579 (Oil Plan 2015)\r\n     3. หน่วยงานที่เกี่ยวข้องควรกำหนดให้มีผู้รับผิดชอบสำรองที่สามารถทำงานแทนผู้รับผิดชอบหลักได้', '1', '1', '', '', '', '', '', '', '', '');
INSERT INTO `kpi` VALUES ('13', '4', '3', ' - สายเหนือก่อสร้างแล้วเสร็จในปี พ.ศ. 2562', null, '0', '0', null, 'เริ่มดำเนินการก่อสร้างท่อน้ำมันและคลังน้ำมันทั้ง 2 แห่งแล้ว โดยการก่อสร้างในภาพรวมของโครงการมีความก้าวหน้า ร้อยละ 68.40', '- เป็นไปตามแผน', '5', null, null, null, null, null, null, null, null, null);
INSERT INTO `kpi` VALUES ('14', '4', '3', ' - สายตะวันออกเฉียงเหนือ ก่อสร้างแล้วเสร็จในปี พ.ศ. 2564', null, '0', '0', null, 'บริษัทไทย ไปป์ไลน์ เน็ตเวิร์ค จำกัด (TPN) ได้นำส่งรายงานการประเมิน\r\nผลกระทบสิ่งแวดล้อม (EIA) ต่อสำนักงานนโยบายและแผนทรัพยากร \r\nธรรมชาติและสิ่งแวดล้อม (สผ.)แล้วเมื่อวันที่ 24 ส.ค. 2561 ขณะนี้\r\nอยู่ระหว่างรอผลการพิจารณา', '- เป็นไปตามแผน', '5', null, null, null, null, null, null, null, null, null);
INSERT INTO `kpi` VALUES ('15', '5', '4', 'จำนวนครั้งที่จัดประชาสัมพันธ์ / \r\nช่องทางการประชาสัมพันธ์', null, '0', '0', null, ' ไตรมาสที่ 1 (ต.ค. - ธ.ค. 60)\r\n1. แถลงข่าว 1 ครั้ง (12 ต.ค. 60)\r\n2. สัมภาษณ์ผู้บริหารทางโทรทัศน์ 1 ครั้ง (21 พ.ย. 60)\r\n3. สัมภาษณ์ผู้บริหารทางโทรศัพท์ 1 ครั้ง (13 ธ.ค. 60)\r\n4. ประชาสัมพันธ์ทาง Facebook กรมธุรกิจพลังงาน 8 ครั้ง   \r\n     ไตรมาสที่ 2 (ม.ค. -', '- เป็นไปตามแผน', '1', null, null, null, null, null, null, null, null, null);
INSERT INTO `kpi` VALUES ('16', '6', '5', 'ระดับความสำเร็จในการศึกษา', '', '0', '12.724', null, '1. คัดเลือกที่ปรึกษาโครงการฯ แล้วเสร็จเมื่อวันที่ 6 มิ.ย.2561 \r\n2. ลงนามในสัญญาจ้างที่ปรึกษาเพื่อดำเนินการศึกษาโครงการเมื่อวันที่ \r\n21 มิ.ย.2561  โดยกำหนดให้เริ่มศึกษาภายในวันที่ 25 มิถุนายน 2561 \r\nและดำเนินการให้แล้วเสร็จภายในวันที่ 24 ม.ค 62 ระยะเวลาศึก', '- ไม่เป็นไปตามแผน เนื่องจาก มีการยกเลิกการคัดเลือกที่ปรึกษา\r\nโครงการฯ เพราะผู้ยื่นข้อเสนอยื่นเอกสารสำคัญไม่ครบถ้วน ทำให้\r\nไม่สามารถดำเนินการต่อได้ในครั้งแรก ส่งผลให้การตรวจรับพัสดุ\r\nในงานจ้างปรึกษาอาจดำเนินการล่าช้ากว่าที่กำหนด เนื่องจากขั้นตอน\r\nการตรวจสอบคุณภาพของผลการศึกษาและการประชุมตรวจรับ\r\n', '1', null, null, null, null, null, null, null, null, null);
INSERT INTO `kpi` VALUES ('17', '7', '6', 'จำนวนผู้ผ่านการอบรมฯ ไม่น้อยกว่าร้อยละ 80 ของผู้เข้าร่วมโครงการฯ ', null, '0.1652', '0.175', null, 'ดำเนินการแล้วเสร็จทั้ง 2 รุ่น\r\n- รุ่นที่ 3 ระหว่างวันที่ 7 - 8 ธันวาคม 2560 ผู้ผ่านการอบรม\r\n  49 คน ผลการทำแบบทดสอบคะแนนร้อยละ 88.36\r\n- รุ่นที่ 4 ระหว่างวันที่ 18 - 19 ธันวาคม 2560 ผู้ผ่านการอบรม\r\n  49 คน ผลการทำแบบทดสอบคะแนนร้อยละ 82.55 \r\nหมายเหตุ: เกณฑ์', '- เป็นไปตามแผน', '1', null, null, null, null, null, null, null, null, null);
INSERT INTO `kpi` VALUES ('18', '8', '7', 'ระดับความสำเร็จของการดำเนินการปรับปรุงกฎหมาย3w', null, null, null, null, 'มีการประชุมคณะทำงานปรับปรุงพระราชบัญญัติการค้าน้ำมันเชื้อเพลิง\r\nพ.ศ.2543 จำนวน 5 ครั้ง \r\n1. เดือนตุลาคม 2560 ประชุม 2 ครั้ง (ครั้งที่ 10-11/2560) \r\n2. เดือนพฤศจิกายน 2560 ประชุม 1 ครั้ง (ครั้งที่ 12/2560)\r\n3. เดือนธันวาคม 2560 ประชุม 1 ครั้ง (ครั้งที่ 13/', '\'- เป็นไปตามแผน', '1', null, null, null, null, null, null, null, null, null);
INSERT INTO `kpi` VALUES ('19', '9', '8', 'ระดับความสำเร็จของการดำเนินการ', null, null, null, null, 'ดำเนินการประกาศในราชกิจจานุเบกษา เมื่อวันที่ 5 ตุลาคม 2560 \r\nและมีผลบังคับใช้แล้ว เมื่อวันที่ 5 เมษายน 2561', '- เป็นไปตามแผน', '1', null, null, null, null, null, null, null, null, null);
INSERT INTO `kpi` VALUES ('20', '10', '9', 'ระดับความสำเร็จของการดำเนินการ', null, null, null, null, 'รมว.พน. ลงนามแล้ว อยู่ระหว่างการเสนอเรื่องเข้าที่ประชุม ครม.\r\nและอยู่ระหว่างการพิจารณาของสำนักงานคณะกรรมการกฤษฎีกา', '- เป็นไปตามแผน', '1', null, null, null, null, null, null, null, null, null);
INSERT INTO `kpi` VALUES ('21', '11', '10', 'ระดับความสำเร็จของการดำเนินการ', null, null, null, null, 'ดำเนินการประกาศในราชกิจจานุเบกษา เมื่อวันที่ 5 ตุลาคม 2560 \r\nและมีผลบังคับใช้แล้ว เมื่อวันที่ 5 เมษายน 2561', '- เป็นไปตามแผน', '1', null, null, null, null, null, null, null, null, null);
INSERT INTO `kpi` VALUES ('22', '12', '11', 'ระดับความสำเร็จของการดำเนินการ', null, null, null, null, 'รมว.พน. ลงนามแล้ว อยู่ระหว่างการเสนอเรื่องเข้าที่ประชุม ครม.\r\nและอยู่ระหว่างการพิจารณาของสำนักงานคณะกรรมการกฤษฎีกา', '- เป็นไปตามแผน', '1', null, null, null, null, null, null, null, null, null);
INSERT INTO `kpi` VALUES ('23', '13', '12', 'ระดับความสำเร็จของการดำเนินการ', null, null, null, null, 'อยู่ระหว่างนำเสนอ รมว.พน. เพื่อพิจารณาลงนามในร่างประกาศฯ\r\nซึ่งเป็นไปตามแผนที่กำหนด ดำเนินการประกาศในราชกิจจานุเบกษา\r\nเมื่อวันที่ 7 พฤษภาคม 2561', '- เป็นไปตามแผน', '1', null, null, null, null, null, null, null, null, null);
INSERT INTO `kpi` VALUES ('24', '15', '13', 'ระดับความสำเร็จในการจัดสัมมนาฯ', '', '0.042', '0.105', null, '1. การสัมมนารับฟังความคิดเห็นแนวทางการจัดทำรายงานผลการปฏิบัติ\r\nตามมาตรการ (MR) และแนวปฏิบัติสำหรับนิติบุคคล ผู้มีสิทธิจัดทำ\r\nรายงานเกี่ยวกับสิ่งแวดล้อม ระบบการขนส่งก๊าซธรรมชาติทางท่อ \r\nเมื่อวันที่ 20 พฤศจิกายน 2560\r\n2. การจัดสัมมนารับฟังความคิดเห็น (ประกา', '1. เป็นไปตามแผน มีการจัดสัมมนาเมื่อวันที่ 20 พฤศจิกายน 2560 \r\nเบิกจ่ายแล้วเสร็จเมื่อวันที่ 15 ธันวาคม 2560\r\n\r\n\r\n2.ไม่เป็นไปตามแผน มีการขอยกเลิกโครงการฯ และคืนงบประมาณ\r\nจำนวนเงิน 62,900 บาท เนื่องด้วยคณะทำงานพิจารณากฎหมายที่ออกตามพระราชบัญญัติควบคุมน้ำมันเชื้อเพลิง มีมติให้นำร่างประกาศกระทรวงพลังงานว่าด้วยการกำหนดมาตรฐานความปลอดภัยของระบบ\r\nการขนส่งก๊าซธรรมชาติทางท่อในทะเล พ.ศ. ... ไปผนวกในกฎกระทรวงระบบการขนส่งก๊าซธรรมชาติทางท่อ พ.ศ.2556 ปัจจุบันอยู่ระหว่าง\r\nการยกร่างกฎกระทรวงระบบขนส่งก๊าซธรรมชาติทางท่อ (ฉบับที่..) พ.ศ. ...', '1', null, null, null, null, null, null, null, null, null);
INSERT INTO `kpi` VALUES ('25', '16', '14', 'จำนวนผู้ประกอบการที่เข้าร่วมเป็นไปตามที่กำหนด', '', null, '0.09', null, 'ยกเลิกโครงการ เนื่องจากคาดว่าจะไม่สามารถพัฒนาระบบข้อมูลแล้วเสร็จ\r\nในปีงบประมาณ พ.ศ. 2561 และได้ดำเนินการส่งคืนเงินแล้ว', ' - ไม่เป็นไปตามแผน', '1', null, null, null, null, null, null, null, null, null);
INSERT INTO `kpi` VALUES ('26', '18', '15', 'ระดับความสำเร็จของการดำเนินการแล้วเสร็จภายในกำหนดเวลา', null, null, null, null, '1. ดำเนินการเผยแพร่ร่าง พ.ร.บ. การค้าน้ำมันเชื้อเพลิง พ.ศ. ...\r\nบนเว็บไซต์กรมธุรกิจพลังงาน / G-new (แอปเผยแพร่ข้อมูลข่าวสารภาครัฐ) / www.lawamendment.go.th / และเปิดให้ผู้มีส่วนได้ส่วนเสียร่วมแสดงความคิดเห็นต่อร่าง พ.ร.บ. ดังกล่าวในระหว่างวันที่ 1 - 15 ก.', '- เป็นไปตามแผน', '1', null, null, null, null, null, null, null, null, null);
INSERT INTO `kpi` VALUES ('27', '17', '16', 'ร้อยละของคำร้องขอจากประเทศสมาชิกที่ต้องการให้แจ้งข้อมูลเพิ่มเติม ตอบข้อซักถาม หรือแก้ไขปรับปรุงข้อเสนอการจัดทำมาตรฐานน้ำมันอาเซียนที่ดำเนินการสำเร็จ', null, null, null, null, 'กรมธุรกิจพลังงานได้จัดทำเอกสารเกี่ยวกับความสำคัญและ\r\nประโยชน์ของการมีมาตรฐานน้ำมันเชื้อเพลิงร่วมของอาเซียน\r\nและขอให้สำนักงานเลขาธิการอาเซียนแจ้งเวียนต่อประเทศสมาชิก\r\nเพื่อรับฟังความคิดเห็นเกี่ยวกับการปรับปรุงเอกสารดังกล่าวให้\r\nสมบูรณ์มากขึ้น ซึ่งประเทศสมา', 'เป็นไปตามแผน ทั้งนี้ โครงการได้ยกเลิกตั้งแต่เดือนมีนาคม 2561\r\nโดยมีเหตุผลเนื่องจากเป็นโครงการที่ได้ดำเนินการมาตั้งแต่ปี พ.ศ. 2557\r\nซึ่งในขณะนั้นประเทศสมาชิกอาเซียนมีคุณภาพน้ำมันที่แตกต่างกันมาก\r\nจึงเห็นสมควรส่งเสริมให้มีการใช้น้ำมันในระดับมาตรฐานในระดับที่ใกล้เคียงกันเพื่ออำนวยความสะดวกเรื่องการค้าขายระหว่างประเทศ ซึ่งหลังจากที่ได้ดำเนินโครงการนี้และประเทศสมาชิกได้รวมตัวเป็นประชาคมเศรษฐกิจ\r\nอาเซียน สถานการณ์ก็มีการเปลี่ยนแปลงโดยช่องว่างของระดับมาตรฐานคุณภาพน้ำมันเชื้อเพลิงของประเทศสมาชิกได้ลดลงมากประกอบกับปัจจุบัน\r\nมีหน่วยงานด้านเศรษฐกิจของอาเซียน คือ  Automotive Product Working\r\nGroup ซึ่งอยู่ภายใต้ ASEAN Ministers on Energy Meeting (AMEM)\r\nกำลังอยู่ระหว่างการจัดทำความตกลงร่วมเกี่ยวกับมาตรฐานมลพิษไอเสีย\r\nจากรถยนต์  ซึ่งเมื่อดำเนินการแล้วเสร็จคุณภาพของน้ำมันเชื้อเพลิงของประเทศ สมาชิกก็จะต้องปรับประสานให้สอดคล้องกันกับมาตรฐานมลพิษ\r\nไอเสียจากรถยนต์โดยอัตโนมัติ จึงยกเลิกการดำเนินโครงการนี้ เพื่อไม่ให้เกิดความซ้ำซ้อนของการทำงาน', '1', null, null, null, null, null, null, null, null, null);
INSERT INTO `kpi` VALUES ('28', '20', '17', 'มีผู้ค้าน้ำมันตามมาตรา 7\r\n(ผู้ค้าก๊าซหุงต้ม) รายใหม่เข้ามา\r\nในระบบเพิ่มขึ้น', null, null, null, null, '1. มีการประชุมกับผู้ค้าน้ำมันตามมาตรา 7 จำนวน 1 ครั้ง\r\n2. มีการประชุมกับสมาคมการค้าผู้ประกอบธุรกิจโรงบรรจุก๊าซหุงต้ม\r\nจำนวน 1 ครั้ง', '- เป็นไปตามแผน', '1', null, null, null, null, null, null, null, null, null);
INSERT INTO `kpi` VALUES ('29', '21', '18', 'ระดับความสำเร็จในการตรวจสอบตามแผนงาน', null, null, null, null, '1. ตรวจขอใบอนุญาตใหม่ 84 ราย \r\n2. ตรวจต่ออายุใบอนุญาต 452 ราย \r\n3. ตรวจตรา  26 ราย\r\n    รวม 562 ราย', '- ไม่เป็นไปตามแผน\r\n1. จำนวนราย ตามแผนออกตรวจเทียบเท่าเป็นอัตรา 1 : 40\r\n   (ตรวจ 1 ครั้ง ได้ผลผลิต 40 ราย)\r\n2. แผนการปฏิบัติงานไม่สอดคล้องกับการปฏิบัติงานจริง เช่น\r\n    - กรณีการกำหนดแผนงาน (การต่ออายุ) มีกำหนด 5 ครั้งใน 1 เดือน ในความจริงภายในเดือนนั้นๆ ไม่มีบริษัทที่มีใบรับรองหมดอายุ\r\n    - การขออนุญาตใหม่ขึ้นอยู่กับการตัดสินใจของผู้ประกอบการรายใหม่ซึ่งนอกเหนือการควบคุมเป็นปัจจัยที่ผู้ปฏิบัติไม่สามารถควบคุมได้\r\n    - การตรวจตราที่มีจำนวนปฏิบัติงานน้อยเนื่องจากปฏิบัติงาน\r\nต้องได้รับการบูรณาการร่วมกับหน่วยงานอื่น (สำนักหลัก)', '1', null, null, null, null, null, null, null, null, null);
INSERT INTO `kpi` VALUES ('30', '22', '19', 'ระดับความสำเร็จของการตรวจสถานประกอบการตามแผนที่กำหนดไว้ ', null, null, null, null, '1. ตรวจขอใบอนุญาตใหม่และแก้ไขเปลี่ยนแปลง 135 ราย\r\n2. ตรวจต่ออายุใบอนุญาต 3290 ราย\r\n3. ตรวจตรา 3,408 ราย \r\n4. ตรวจครบวาระ 77 ราย  \r\n    รวม 6,910 ราย', '- เป็นไปตามแผน', '1', null, null, null, null, null, null, null, null, null);
INSERT INTO `kpi` VALUES ('31', '23', '20', 'ระดับความสำเร็จของการตรวจสถานประกอบการตามแผนที่กำหนดไว้', null, null, null, null, '1. ตรวจขอใบอนุญาตใหม่ 99 ราย\r\n2. ตรวจต่ออายุใบอนุญาต 2,344 ราย\r\n3. ตรวจตรา 1,389 ราย \r\n4. ตรวจครบวาระ 347 ราย  \r\n   รวม 4,179 ราย', '- เป็นไปตามแผน', '1', null, null, null, null, null, null, null, null, null);
INSERT INTO `kpi` VALUES ('32', '24', '21', 'ระดับความสำเร็จของการตรวจสถานประกอบการตามแผนที่กำหนดไว้', null, null, null, null, 'มีสถานประกอบกิจการและผู้ประกอบการพลังงานที่ได้รับการตรวจสอบตามมาตรฐานของกรมธุรกิจพลังงาน จำนวน 6,426 ราย (จากแผนที่วางไว้จำนวน\r\n6,035 ราย)\r\n1. ตรวจขอใบอนุญาตใหม่ 761  ราย\r\n2. ตรวจต่ออายุใบอนุญาต 2,707 ราย\r\n3. ตรวจตรา 676 ราย \r\n4. ตรวจสอบและทดสอบถังขนส่งน้', '- เป็นไปตามแผน', '1', null, null, null, null, null, null, null, null, null);
INSERT INTO `kpi` VALUES ('33', '25', '22', 'ร้อยละของการตรวจสอบคุณภาพน้ำมันเชื้อเพลิงที่ได้คุณภาพตามเป้าหมายผลผลิต', null, null, null, null, 'ตรวจสอบคุณภาพน้ำมันเชื้อเพลิง จำนวน 17,177 ตัวอย่าง มีคุณภาพถูกต้อง\r\nจำนวน 17,134 ตัวอย่าง คุณภาพผิด 43 ตัวอย่าง ได้ผลการดำเนินงาน\r\nสำเร็จร้อยละ 99.75 ซึ่งสูงกว่าเป้าหมายที่กำหนดไว้ ', '- เป็นไปตามแผน', '1', null, null, null, null, null, null, null, null, null);
INSERT INTO `kpi` VALUES ('34', '26', '23', 'ร้อยละความสำเร็จของการให้ความเห็นชอบและเสร็จทันตามกำหนดเวลา', null, null, null, null, 'ผลการดำเนินงานร้อยละ 100 สำเร็จตามเวลาที่กำหนด', '- เป็นไปตามแผน', '1', null, null, null, null, null, null, null, null, null);
INSERT INTO `kpi` VALUES ('35', '27', '24', 'ร้อยละความสำเร็จในการดำเนินการ', null, null, null, null, 'ผลการดำเนินงานเป็นไปตามแผนที่กำหนด', ' - เป็นไปตามแผน', '1', null, null, null, null, null, null, null, null, null);
INSERT INTO `kpi` VALUES ('36', '28', '26', 'ระดับความสำเร็จของการดำเนินการแล้วเสร็จภายในกำหนดเวลา', null, null, null, null, 'ร้อยละ 100 ดำเนินการแล้วเสร็จภายในกำหนดเวลา', '- เป็นไปตามแผน', '1', null, null, null, null, null, null, null, null, null);
INSERT INTO `kpi` VALUES ('37', '29', '25', 'ระดับความสำเร็จของการดำเนินการ\r\nแล้วเสร็จภายในกำหนดเวลา', null, null, null, null, 'ร้อยละ 100 ดำเนินการแล้วเสร็จภายในกำหนดเวลา', '- เป็นไปตามแผน', '1', null, null, null, null, null, null, null, null, null);
INSERT INTO `kpi` VALUES ('38', '30', '27', 'ระดับความสำเร็จของการดำเนินการ\r\nแล้วเสร็จภายในกำหนดเวลา', null, null, null, null, 'ร้อยละ 100 ดำเนินการแล้วเสร็จภายในกำหนดเวลา', '- เป็นไปตามแผน', '1', null, null, null, null, null, null, null, null, null);
INSERT INTO `kpi` VALUES ('39', '31', '28', 'ผู้ค้าน้ำมันตามมาตรา 7 ได้รับความเห็นชอบปริมาณการค้าและสถานที่\r\nเก็บสำรองครบทุกราย ', null, null, null, null, 'ร้อยละ 100 ดำเนินการแล้วเสร็จภายในกำหนดเวลา', '- เป็นไปตามแผน', '1', null, null, null, null, null, null, null, null, null);
INSERT INTO `kpi` VALUES ('40', '32', '29', 'ระดับความสำเร็จของการดำเนินการ\r\nแล้วเสร็จภายในกำหนดเวลา', null, null, null, null, 'ร้อยละ 100 ดำเนินการแล้วเสร็จภายในกำหนดเวลา', '- เป็นไปตามแผน', '1', null, null, null, null, null, null, null, null, null);
INSERT INTO `kpi` VALUES ('41', '33', '30', 'ระดับความสำเร็จของการดำเนินการ\r\nแล้วเสร็จภายในกำหนดเวลา', null, null, null, null, 'ร้อยละ 100 ดำเนินการแล้วเสร็จภายในกำหนดเวลา', '- เป็นไปตามแผน', '1', null, null, null, null, null, null, null, null, null);
INSERT INTO `kpi` VALUES ('42', '34', '34', '1. แลกเปลี่ยนข้อมูลกับหน่วยงานที่เกี่ยวข้องด้วย Web Service ให้บริการผู้ประกอบการในรูปแบบ e-Service\r\nโดยสามารถใช้งานได้อย่างต่อเนื่อง\r\nโดยมี SLA ไม่น้อยกว่า 99.5\r\n2. สามารถรองรับการปฏิบัติภารกิจของพลังงานจังหวัด 76 จังหวัด', null, '0.9427', '31.437', null, ' - อยู่ระหว่างการส่งมอบงานงวดที่ 2', '- ไม่เป็นไปตามแผน ทั้งนี้ ศทส. ได้มีหนังสือที่ พน 0403/1135 ลงวันที่\r\n10 สิงหาคม 2561 เพื่อเร่งรัดให้บริษัทดำเนินการให้ทันตามกำหนดไว้\r\nในสัญญา โดยบริษัทฯ ได้มีหนังสือที่ ES6108/DOEB/004 ลงวันที่\r\n28 สิงหาคม 2561 แจ้งรับทราบ และจะเร่งดำเนินการให้แล้วเสร็จ\r\nภายในระยะเวลาที่กำหนดต่อไป', '8', null, null, null, null, null, null, null, null, null);
INSERT INTO `kpi` VALUES ('43', '35', '35', 'ร้อยละของการรายงานผลการติดตามและวิเคราะห์แผนการค้า', null, null, null, null, 'ร้อยละ 100 ดำเนินการแล้วเสร็จภายในกำหนดเวลา \r\n(ย้ายมาจาก กลยุทธ์ที่ 2.3 ตามรายงานการติดตามผลฯ ไตรมาสที่ 1)', '- เป็นไปตามแผน', '1', null, null, null, null, null, null, null, null, null);
INSERT INTO `kpi` VALUES ('44', '36', '33', 'ผู้เข้ารับการฝึกอบรมไม่น้อยกว่าร้อยละ 80 มีความรู้เพิ่มขึ้น', null, null, null, null, 'อบรมรวมจำนวน 11 ครั้ง ได้แก่\r\nหลักสูตรที่ 1 ความรู้ทั่วไปเกี่ยวกับน้ำมันเชื้อเพลิง\r\n                  รุ่นที่ 1 - 5 (จำนวน 5 ครั้ง)\r\nหลักสูตรที่ 2 การกำกับดูแลการประกอบกิจการน้ำมันสำหรับ อปท.\r\n                  รุ่นที่ 1 - 3 (จำนวน 3 ครั้ง)\r\nหลักสูตรที่ 3', '- ไม่เป็นไปตามแผน (มีการปรับเปลี่ยนหลักสูตร)\r\n1. ควรจัดทำแผนบริหารความเสี่ยงโครงการฯ ล่วงหน้าและแนวทางปฎิบัติงาน\r\n2. ควรดำเนินการรับสมัครล่วงหน้าไม่น้อยกว่า 30 วัน\r\n3. ควรกำหนดกลุ่มเป้าหมายให้ชัดเจนมากกว่าเดิมพร้อมขอความร่วมมือ\r\nจากผู้ที่เกี่ยวข้อง', '1', null, null, null, null, null, null, null, null, null);
INSERT INTO `kpi` VALUES ('45', '37', '32', 'จำนวนผู้เข้าร่วมอบรมผ่านการประเมินและได้รับบัตร ร้อยละ 90', null, null, null, null, 'จำนวนผู้เข้าร่วมอบรมผ่านการประเมินและได้รับบัตรทั้งสิ้น 21,191 ใบ คิดเป็นร้อยละ 100', '- เป็นไปตามแผน', '1', null, null, null, null, null, null, null, null, null);
INSERT INTO `kpi` VALUES ('46', '38', '31', 'ได้รับมาตรฐาน ISO 17025', null, null, null, null, 'เตรียมความพร้อมห้องปฏิบัติการและบุคลากรในการขอรับรองความสามารถห้องปฏิบัติการทดสอบโดยจัดทำระบบการบริหารงานคุณภาพตามมาตรฐาน ISO/IEC 17025:2005 เรื่อง ข้อกำหนดทั่วไปว่าด้วยความสามารถของห้องปฏิบัติการทดสอบ และอบรมเจ้าหน้าที่ผู้เกี่ยวข้องเพื่อให้มีขีดความสามาร', '- เป็นไปตามแผน แต่เนื่องจากขาดบุคลากรที่จะมาดูแลเรื่องระบบคุณภาพตามมาตรฐาน ISO 17025 โดยตรง เจ้าหน้าที่จึงต้องแบ่งเวลามาศึกษาระบบ ISO นอกเวลา และจัดทำงานเอกสารต่าง ๆ ซึ่งมีปริมาณมาก', '1', null, null, null, null, null, null, null, null, null);
INSERT INTO `kpi` VALUES ('47', '38', '36', 'ได้ใบรับรองมาตรฐาน ISO/IEC 17025 (มอก.) จำนวน 2 รายการ', null, '0.134', '0.16', null, '1. ส่งรายงานแก้ไขข้อบกพร่องจากการตรวจรับรองห้องปฏิบัติการทดสอบตามมาตรฐาน ISO 17025 ให้ สมอ. พิจารณาเรียบร้อยแล้ว ตั้งแต่วันที่\r\n25 พฤษภาคม 2561\r\n2. ได้รับการรับรองความสามารถของห้องปฏิบัติการทดสอบ หมายเลขการขอรับรองที่ \"ทดสอบ 0541\" ลงวันที่ 17 กันยายน 2561', '- เป็นไปตามแผน มีข้อเสนอแนะเพิ่มเติม ดังนี้\r\n1. การเข้าตรวจประเมินของสมอ. จะเป็นเวลาที่ทาง สมอ. ระบุ ทำให้แผนงานบางอย่างล่าช้ากว่าที่วางไว้\r\n2. การดำเนินงานตามระบบ ISO และการแก้ไขข้อบกพร่องจากการตรวจประเมินจำเป็นต้องจัดทำเอกสารจำนวนมาก จึงควรมีบุคลากรที่มีความชำนาญ สามารถให้คำปรึกษาได้ แต่การดำเนินการในปัจจุบัน เจ้าหน้าที่จำเป็นต้องแบ่งเวลามาทำงานส่วนนี้ จึงอาจทำให้ส่งผลกระทบต่องานประจำ', '1', null, null, null, null, null, null, null, null, null);
INSERT INTO `kpi` VALUES ('48', '39', '37', 'ร้อยละความสำเร็จของการดำเนินการ', null, null, null, null, 'ไม่ได้ของบประมาณปี 2561', 'ไม่ได้ของบประมาณปี 2561', '1', null, null, null, null, null, null, null, null, null);
INSERT INTO `kpi` VALUES ('49', '40', '38', 'สามารถตรวจสอบข้อมูลปริมาณการส่งออกน้ำมันเชื้อเพลิงที่มีลักษณะและคุณภาพไม่เป็นไปตามที่กรมธุรกิจพลังงาน\r\nกำหนดที่ผู้ค้าน้ำมันแจ้งต่อกรมศุลกากรได้โดยใช้ข้อมูลจาก IT Center ของกรมศุลกากร', null, null, null, null, 'ติดตั้งระบบรายงานปริมาณน้ำมันที่มีลักษณะและคุณภาพไม่เป็นไปตามที่\r\nธพ. กำหนด (ข้อมูล IT Center) บนระบบเครือข่าย ธพ. เพื่อให้ผู้ใช้ทดสอบ และสามารถเข้าตรวจสอบข้อมูลปริมาณการนำเข้า/ส่งออกน้ำมันเชื้อเพลิง\r\nที่ผู้ค้าน้ำมันแจ้งต่อกรมศุลกากรได้โดยใช้ข้อมูลจาก IT ', '- เป็นไปตามแผน', '1', null, null, null, null, null, null, null, null, null);
INSERT INTO `kpi` VALUES ('50', '41', '39', 'สามารถเชื่อมโยง และรวบรวมปริมาณน้ำมันเชื้อเพลิงสำรองกับหน่วยงานที่เกี่ยวข้อง', null, '0', '4.5', null, '     1. ดำเนินการเซ็นสัญญาว่าจ้างพัฒนาระบบฐานข้อมูลสถานที่และปริมาณน้ำมันเชื้อเพลิงสำรองของประเทศ เมื่อวันที่ 25 พฤษภาคม 2561 และผู้รับจ้างจะต้องดำเนินการพัฒนา ติดตั้ง ทดสอบ และส่งมอบระบบสิทธิการใช้งาน (License) พร้อม Software ทั้งหมด รวมทั้งจัดฝึกอบรมให้', '- ไม่เป็นไปตามแผน ทั้งนี้ อยู่ระหว่างการติดตั้งอุปกรณ์ Hardware \r\nและตั้งค่าระบบเพื่อให้สามารถใช้งานร่วมกับระบบฐานข้อมูลธุรกิจพลังงาน\r\nคณะกรรมการฯ จึงได้เร่งรัดให้ผู้รับจ้างปฏิบัติงานให้ทันตามกำหนดในสัญญา ซึ่งหากไม่สามารถตรวจรับงวดที่ 2 ได้ทันภายในเดือนตุลาคม 2561\r\nจะทำหนังสือเร่งรัดบริษัทฯ ต่อไป ', '1', null, null, null, null, null, null, null, null, null);
INSERT INTO `kpi` VALUES ('51', '42', '40', 'ร้อยละของการตรวจสอบและติดตาม\r\nการชำระค่าธรรมเนียมรายปีของผู้ประกอบการตาม พ.ร.บ. การค้าน้ำมันเชื้อเพลิง พ.ศ. 2543', null, null, null, null, 'การตรวจสอบและติดตามการชำระค่าธรรมเนียมรายปี 2561 มีผล\r\nการดำเนินการคิดเป็น ร้อยละ 100 โดยเป็นการชำระค่าธรรมเนียม\r\nครบถ้วนแล้ว ร้อยละ 96.3 แบ่งเป็น\r\n1. ผู้ค้า ม.10 มีการชำระค่าธรรมเนียมคิดเป็นร้อยละ 96.8\r\n2. ผู้ค้า ม.11 มีการชำระค่าธรรมเนียมคิดเป็นร้อยละ 9', '- เป็นไปตามแผน', '1', null, null, null, null, null, null, null, null, null);
INSERT INTO `kpi` VALUES ('52', '43', '41', 'ผู้ค้าน้ำมันตามมาตรา 7 โรงบรรจุก๊าซ สถานีบริการก๊าซ ปฏิบัติถูกต้องตามกฎหมาย', null, null, null, null, 'ดำเนินการตรวจสอบตามข้อร้องเรียน จำนวน 1 ครั้ง เป็นโรงบรรจุก๊าซ\r\nในจังหวัดพิจิตร จำนวน 3 ราย พบการกระทำผิด จำนวน 2 ราย\r\nโดยดำเนินการร้องทุกข์กล่าวโทษต่อเจ้าพนักงานสอบสวน เพื่อดำเนินคดีตามกฎหมายและเปรียบเทียบปรับเรียบร้อยแล้ว และไม่พบการกระทำผิด จำนวน 1 ราย', '- เป็นไปตามแผน', '1', null, null, null, null, null, null, null, null, null);
INSERT INTO `kpi` VALUES ('53', '44', '42', 'ระดับความสำเร็จของการตรวจสอบติดตามเป็นไปตามแผน', null, null, null, null, 'จำนวน 8 จังหวัด ได้แก่\r\nครั้งที่ 1 จังหวัดนครพนมและสกลนคร\r\nครั้งที่ 2 จังหวัดหนองคายและบึงกาฬ\r\nครั้งที่ 3 จังหวัดร้อยเอ็ด และจังหวัดกาฬสินธุ์\r\nครั้งที่ 4 จังหวัดเลย และจังหวัดหนองบัวลำภู', '- เป็นไปตามแผน', '1', null, null, null, null, null, null, null, null, null);
INSERT INTO `kpi` VALUES ('54', '45', '43', 'ระดับความสำเร็จของการจัดทำงบประมาณ', null, null, null, null, 'ดำเนินการจัดทำงบประมาณรายจ่ายประจำปีงบประมาณ พ.ศ. 2562\r\nของกรมธุรกิจพลังงานเรียบร้อยแล้ว ทันตามกำหนดของปฏิทินงบประมาณ', '- เป็นไปตามแผน แต่มีอุปสรรคที่เกิดจากการเปลี่ยนแปลงนโยบาย\r\nด้านงบประมาณเร่งด่วน', '1', null, null, null, null, null, null, null, null, null);
INSERT INTO `kpi` VALUES ('55', '46', '44', 'ระดับความสำเร็จของการจัดทำแผน', null, '0', '0.0691', null, '1. มีแผนปฏิบัติงานและการใช้จ่ายงบประมาณปี พ.ศ. 2562\r\n2. ผู้เข้าร่วมโครงการสามารถนำความรู้ที่ได้ ไปใช้ในการจัดทำแผน ปฏิบัติงานและการใช้จ่ายงบประมาณประจำปี พ.ศ. 2562 ของหน่วยงาน\r\nได้อย่างมีประสิทธิภาพและเกิดประสิทธิผล ซึ่ง กผพ.(กลุ่มงบประมาณ)\r\nได้ดำเนินการจ', '- เป็นไปตามแผน แต่มีอุปสรรค คือ งบประมาณที่ได้รับจัดสรรจาก\r\nสำนักงบประมาณ ไม่เพียงพอในการดำเนินโครงการฯ', '1', null, null, null, null, null, null, null, null, null);
INSERT INTO `kpi` VALUES ('56', '47', '45', 'การเบิกจ่ายงบประมาณเป็นไปตามเป้าหมายที่กำหนด และจำนวนครั้งในการติดตามไม่น้อยกว่า 10 ครั้งต่อปี', null, null, null, null, 'มีการประชุมติดตามผลการเบิกจ่ายงบประมาณของ ธพ. ประจำทุกเดือนดำเนินการไปแล้ว 11 ครั้ง', '- เป็นไปตามแผน', '1', null, null, null, null, null, null, null, null, null);
INSERT INTO `kpi` VALUES ('57', '48', '46', 'จำนวนพลังงานจังหวัดและเจ้าหน้าที่ที่เกี่ยวข้องที่ได้เข้าร่วมประชุม ไม่น้อยกว่า 90 คน', null, '0.022', '0.025', null, 'ได้จัดการประชุมสัมมนาโครงการติดตามผลการปฏิบัติงานตามกฎกระทรวงการขนส่งน้ำมันโดยถังขนส่งน้ำมันแล้ว เมื่อวันที่ 20 ธันวาคม 2560', '- เป็นไปตามแผน', '1', null, null, null, null, null, null, null, null, null);
INSERT INTO `kpi` VALUES ('58', '49', '47', '1. มีการประเมินเป็นรายไตรมาส\r\nในเรื่องการเปลี่ยนแปลงสัดส่วน\r\nการจำหน่ายน้ำมันแก๊สโซฮอล์อี 10\r\nออกเทน 91 และออกเทน 95 และ\r\nน้ำมันแก๊สโซฮอล์อี 20 รวมทั้งสถานการณ์การผลิตเอทานอล\r\n2. มีข้อเสนอเกี่ยวกับระยะเวลาที่เหมาะสมในการยกเลิกน้ำมัน\r\nแก๊สโซฮอล์อี 10 ออกเทน 91', null, null, null, null, 'มีการติดตามและจัดทำข้อมูลการจำหน่ายน้ำมันแก๊สโซฮอล์ และปริมาณการผลิตเอทานอลอย่างต่อเนื่อง', '- เป็นไปตามแผน\r\n- มีข้อเสนอแนะเพิ่มเติม คือ การยกเลิกน้ำมันแก๊สโซฮอล์อี 10 \r\nออกเทน 91 จะต้องเกี่ยวข้องกับการปรับโครงสร้างราคาน้ำมัน\r\nและจะส่งผลกระทบต่อผู้ใช้น้ำมันบางกลุ่ม เช่น กลุ่มมอเตอร์ไซค์\r\nและกลุ่มเกษตรกรที่ใช้เครื่องยนต์การเกษตรที่ใช้น้ำมันดังกล่าว\r\nอยู่ในปัจจุบัน ซึ่งจะต้องมีภาระค่าใช้จ่ายสูงขึ้น ประกอบกับสถานการณ์\r\nราคาน้ำมันที่ปรับตัวสูงขึ้น ทำให้ยังไม่มีการพิจารณากำหนดระยะเวลา\r\nการยกเลิกน้ำมันแก๊สโซฮอล์ อี10 ออกเทน 91 เนื่องจากจำเป็นต้องคง\r\nการจำหน่ายน้ำมันแก๊สโซฮอล์อี 10 ออกเทน 91 ไว้ เพื่อเป็นทางเลือก\r\nน้ำมันราคาถูกให้แก่ผู้บริโภค', '1', null, null, null, null, null, null, null, null, null);
INSERT INTO `kpi` VALUES ('59', '50', '48', 'ระดับความสำเร็จในการเชื่อมโยงข้อมูลการนำเข้าส่งออกกับ NSW', null, null, '3.305', null, 'คณะกรรมการวัตถุอันตรายเห็นชอบในหลักการให้ ธพ. นำก๊าซธรรมชาติ\r\nออกจาก พ.ร.บ. วัตถุอันตราย พ.ศ. 2535 โดยใช้ พ.ร.บ. การค้าน้ำมัน\r\nเชื้อเพลิง พ.ศ. 2543 ควบคุมการนำเข้าส่งออกแทน ดังนั้น ธพ. จึงขอ\r\nยกเลิกโครงการ โดยส่งคืนเงิน 3.305 ล้านบาท ให้ สนข. แล้ว', '- ไม่ป็นไปตามแผน', '1', null, null, null, null, null, null, null, null, null);
INSERT INTO `kpi` VALUES ('61', '51', '49', 'มีแผนฉุกเฉินกรมธุรกิจพลังงาน\r\nจังหวัดชลบุรี', null, null, null, null, 'ไม่ได้รับการจัดสรรงบประมาณ', '- ไม่เป็นไปตามแผน', '1', null, null, null, null, null, null, null, null, null);
INSERT INTO `kpi` VALUES ('62', '52', '50', 'มีผู้เข้าร่วมโครงการฯ ร้อยละ 80 ', null, null, null, null, 'ไม่ได้รับการจัดสรรงบประมาณ', '- ไม่เป็นไปตามแผน', '1', null, null, null, null, null, null, null, null, null);
INSERT INTO `kpi` VALUES ('63', '53', '51', 'เผยแพร่ 3 ครั้งต่อปี', null, null, null, null, 'งานตรวจสอบ                                                         \r\n1. การประเมินการปฏิบัติงานด้านบัญชี GFMIS \r\n2. การถอนคืนรายได้แผ่นดิน\r\n3. การเบิกจ่ายกองทุนสวัสดิการ ธพ.\r\n4. การปฏิบัติตามมาตรการแก้ไขปัญหาหนี้ค่าสาธารณูปโภคค้างชำระ\r\n5. การสอบทานเอกสารก', '- เป็นไปตามแผน', '1', null, null, null, null, null, null, null, null, null);
INSERT INTO `kpi` VALUES ('64', '54', '52', 'ผู้เข้ารับการฝึกอบรมไม่น้อยกว่า\r\nร้อยละ 80 มีความรู้เพิ่มขึ้น ', null, null, null, null, 'หลักสูตร \"การพัฒนาบุคลากรสู่การให้บริการที่เป็นเลิศ\"\r\nดำเนินการวันที่ 2 กรกฎาคม 2561 จำนวนผู้เข้าร่วม 55 คน \r\nการเบิกจ่าย 27,670 บาท', '- เป็นไปตามแผน', '1', null, null, null, null, null, null, null, null, null);
INSERT INTO `kpi` VALUES ('65', '55', '53', 'ระดับความสำเร็จของการจัดทำแผน', null, '0.1781', '0.186', null, 'ดำเนินการจัดโครงการฯ ระหว่างวันที่ 17-18 ตุลาคม 2560 ณ โรงแรมดีวารี ดีว่า เคียงหาด บีช จ.ประจวบคีรีขันธ์ มีผู้เข้าร่วมโครงการฯ ร้อยละ 100 ของกลุ่มเป้าหมาย (จำนวน 40 คน) และประกาศฯ เมื่อวันที่ 3 พฤศจิกายน 2560 และเผยแพร่ประชาสัมพันธ์ลงบน Website ธพ. แล้ว', '- เป็นไปตามแผน', '1', null, null, null, null, null, null, null, null, null);
INSERT INTO `kpi` VALUES ('66', '56', '54', 'ระดับความสำเร็จของการจัดทำแผน ', null, '0.1698', '0.186', null, 'ดำเนินการจัดโครงการฯ ระหว่างวันที่ 9-10 พฤศจิกายน 2560 \r\nณ ตะนาวศรี แอนด์ ครีคไซด์ รีสอร์ท จ.ราชบุรี มีผู้เข้าร่วมโครงการฯ\r\nร้อยละ 100 ของกลุ่มเป้าหมาย (จำนวน 40 คน) โดย อธพ. ได้เห็นชอบ\r\nและอนุมัติให้ดำเนินการตามแผน เมื่อวันที่ 23 มกราคม 2561 และเผยแพร่ปร', '- เป็นไปตามแผน', '1', null, null, null, null, null, null, null, null, null);
INSERT INTO `kpi` VALUES ('67', '57', '55', 'ระดับความสำเร็จของการจัดทำแผน', null, null, null, null, 'ดำเนินการทบทวนและจัดทำแผนแล้วเสร็จเมื่อวันที่ 15 มิถุนายน 2560\r\nและเผยแพร่ประชาสัมพันธ์ลงบน Website ธพ. เรียบร้อยแล้ว', '- เป็นไปตามแผน', '1', null, null, null, null, null, null, null, null, null);
INSERT INTO `kpi` VALUES ('68', '58', '56', 'ระดับความสำเร็จของการพัฒนาองค์การเป็นไปตามเกณฑ์ที่สำนักงาน ก.พ.ร. กำหนด', null, null, null, null, 'ดำเนินการประเมินสถานะของหน่วยงานภาครัฐในการเป็นระบบราชการ\r\n4.0 (PMQA 4.0) ในระบบการประเมินสถานะของหน่วยงานภาครัฐ\r\nในการเป็นระบบราชการ 4.0 แล้วเสร็จ ตามที่สำนักงาน ก.พ.ร. กำหนด\r\nเมื่อวันที่ 15 มิถุนายน 2561', '- เป็นไปตามแผน', '1', null, null, null, null, null, null, null, null, null);
INSERT INTO `kpi` VALUES ('69', '59', '57', 'ระดับความสำเร็จของการพัฒนาสมรรถนะองค์การเป็นไปตามเกณฑ์\r\nที่สำนักงาน ก.พ.ร.กำหนด', null, null, null, null, 'จัดทำแผนปฏิรูปองค์การ ธพ. ตามมาตรการปรับปรุงประสิทธิภาพในการปฏิบัติราชการ ประจำปีงบประมาณ พ.ศ. 2561 แล้วเสร็จ และจัดส่งให้สำนักงาน ก.พ.ร. ตามกำหนดเมื่อวันที่ 18 เมษายน 2561', '- เป็นไปตามแผน', '1', null, null, null, null, null, null, null, null, null);
INSERT INTO `kpi` VALUES ('70', '60', '58', 'ผลคะแนนการประเมินคุณธรรม\r\nและความโปร่งใสในการดำเนินงาน\r\nของหน่วยงานภาครัฐ', null, null, null, null, 'ดำเนินการได้ทันตามกรอบปฏิทินการประเมิน ITA ดังนี้\r\n1. จัดส่งรายชื่อผู้ประสานงาน เมื่อวันที่ 28 ธันวาคม 2560\r\n2. จัดส่งรายชื่อบุคลากร (Internal) และรายชื่อผู้รับบริการ/ผู้มีส่วนได้\r\nส่วนเสีย (External) เมื่อวันที่ 28 กุมภาพันธ์ 2561\r\n3. จัดส่งแบบสำรวจหลักฐ', '- เป็นไปตามแผน', '1', null, null, null, null, null, null, null, null, null);
INSERT INTO `kpi` VALUES ('71', '61', '59', 'จัดตั้งศูนย์สอบแล้วเสร็จมีผู้เข้ารับ\r\nการสอบและออกบัตร จำนวน 5,000 ราย', null, '3.1795', '4.6311', null, 'ตรวจรับครุภัณฑ์ฯ ในโครงการจัดตั้งศูนย์สอบและทะเบียนผู้ปฏิบัติงาน\r\nตามกฎหมายควบคุมน้ำมันเชื้อเพลิงฯ แล้วเสร็จและทดสอบระบบ\r\nการทำงานแล้วเสร็จ', '- เป็นไปตามแผน', '1', null, null, null, null, null, null, null, null, null);
INSERT INTO `kpi` VALUES ('72', '62', '60', 'ปีละ  1 เรื่อง1', '', '0', '0', null, 'ได้ดำเนินการจัดทำคู่มือการปฏิบัติงานแล้วเสร็จภายในเดือนกันยายน 2561\r\nเรื่อง การโอนงบประมาณเบิกแทนกัน ', '- เป็นไปตามแผน', '1', null, null, null, null, null, null, null, null, null);
INSERT INTO `kpi` VALUES ('73', '63', '61', 'ระดับความสำเร็จของการดำเนินการ', null, null, null, null, '   1. โครงการพัฒนาคุณภาพชีวิตและส่งเสริมสมรรถนะ หลักสูตร \"เรียนรู้ตามรอยพระยุคลบาทปรัชญาเศรษฐกิจพอเพียง\" ดำเนินการระหว่างวันที่ 15 - 17 ธันวาคม 2560 จำนวนผู้เข้าร่วม 151 คน  ค่าใช้จ่าย 543,391 บาท\r\n   2. หลักสูตร \"การพัฒนาบุคลากรใหม่ ธพ. รุ่นที่ 14\" ดำเนิ', '- เป็นไปตามแผน', '1', null, null, null, null, null, null, null, null, null);
INSERT INTO `kpi` VALUES ('74', '64', '62', 'ผู้เข้ารับการฝึกอบรมไม่น้อยกว่าร้อยละ 80 มีความรู้เพิ่มขึ้น', '', '0', '0', null, 'ดำเนินการจัดการความรู้ เรื่อง การประยุกต์ใช้หลักปรัชญาเศรษฐกิจพอเพียงในการบริหารจัดการภาครัฐ จำนวน 2 กิจกรรม ได้แก่ \r\n   1. การบรรยายให้ความรู้ เรื่อง “การป้องกันผลประโยชน์ทับซ้อน\r\nในการบริหารจัดการภาครัฐ” โดยวิทยากรจากสำนักงาน ป.ป.ช.\r\nในวันศุกร์ที่ 26 มก', '- เป็นไปตามแผน', '1', null, null, null, null, null, null, null, null, null);
INSERT INTO `kpi` VALUES ('75', '65', '63', 'บุคลากร ธพ. รับรู้ภารกิจ ธพ.เพิ่มมากขึ้น', '', '0', '0', null, 'ติดบอร์ดประชาสัมพันธ์ภารกิจ ข้อมูลข่าวสารต่างๆ และขั้นตอนการรับ\r\nข้อร้องเรียน ของ ธพ. ณ ชั้น 19 และ 20', '- เป็นไปตามแผน', '1', '1', '', '', '', '', '', '', '', '');

-- ----------------------------
-- Table structure for kpi_log
-- ----------------------------
DROP TABLE IF EXISTS `kpi_log`;
CREATE TABLE `kpi_log` (
  `kpilog_id` int(11) NOT NULL AUTO_INCREMENT,
  `kpi_id` int(11) NOT NULL,
  `plan_id` int(11) NOT NULL,
  `kpi_name` mediumtext NOT NULL,
  `kpi_remark` mediumtext,
  `kpi_budgetask` double DEFAULT NULL,
  `kpi_budgetgot` double DEFAULT NULL,
  `kpi_count` varchar(255) DEFAULT NULL,
  `kpi_result` varchar(255) DEFAULT NULL,
  `kpi_comment` longtext,
  `dept_id` int(11) NOT NULL,
  `date` datetime NOT NULL,
  `user_id` int(11) NOT NULL,
  `objective` longtext,
  `description` longtext,
  `explanation` longtext,
  `factor` longtext,
  `barrier` longtext,
  `suggestion` longtext,
  `reference` varchar(255) DEFAULT NULL,
  `time` varchar(255) DEFAULT NULL,
  PRIMARY KEY (`kpilog_id`),
  KEY `fk_Kpilog_Kpi1_idx` (`kpi_id`),
  KEY `fk_Kpilog_User1_idx` (`user_id`),
  CONSTRAINT `fk_Kpi_Kpi1` FOREIGN KEY (`kpi_id`) REFERENCES `kpi` (`kpi_id`),
  CONSTRAINT `fk_Kpilog_User1` FOREIGN KEY (`user_id`) REFERENCES `user` (`user_id`) ON DELETE NO ACTION ON UPDATE NO ACTION
) ENGINE=InnoDB AUTO_INCREMENT=8 DEFAULT CHARSET=utf8;

-- ----------------------------
-- Records of kpi_log
-- ----------------------------
INSERT INTO `kpi_log` VALUES ('1', '75', '65', 'บุคลากร ธพ. รับรู้ภารกิจ ธพ.\r\nเพิ่มมากขึ้น', '', '0', '0', null, 'ติดบอร์ดประชาสัมพันธ์ภารกิจ ข้อมูลข่าวสารต่างๆ และขั้นตอนการรับ\r\nข้อร้องเรียน ของ ธพ. ณ ชั้น 19 และ 20', '- เป็นไปตามแผน', '1', '2019-08-05 11:10:07', '1', null, null, null, null, null, null, null, null);
INSERT INTO `kpi_log` VALUES ('2', '74', '64', 'ผู้เข้ารับการฝึกอบรมไม่น้อยกว่า\r\nร้อยละ 80 มีความรู้เพิ่มขึ้น', '', '0', '0', null, 'ดำเนินการจัดการความรู้ เรื่อง การประยุกต์ใช้หลักปรัชญาเศรษฐกิจพอเพียงในการบริหารจัดการภาครัฐ จำนวน 2 กิจกรรม ได้แก่ \r\n   1. การบรรยายให้ความรู้ เรื่อง “การป้องกันผลประโยชน์ทับซ้อน\r\nในการบริหารจัดการภาครัฐ” โดยวิทยากรจากสำนักงาน ป.ป.ช.\r\nในวันศุกร์ที่ 26 มก', '- เป็นไปตามแผน', '1', '2019-08-05 11:18:55', '1', null, null, null, null, null, null, null, null);
INSERT INTO `kpi_log` VALUES ('3', '72', '62', 'ปีละ  1 เรื่อง', '', '0', '0', null, 'ได้ดำเนินการจัดทำคู่มือการปฏิบัติงานแล้วเสร็จภายในเดือนกันยายน 2561\r\nเรื่อง การโอนงบประมาณเบิกแทนกัน ', '- เป็นไปตามแผน', '1', '2019-08-05 11:20:40', '1', null, null, null, null, null, null, null, null);
INSERT INTO `kpi_log` VALUES ('4', '11', '2', 'มีแผนการบริหารจัดการน้ำมัน\r\nเชื้อเพลิง พ.ศ. 2558 - 2579  \r\n(Oil Plan 2018) ที่สอดคล้องกับสถานการณ์', '', '0', '0.2432', null, 'อธพ. เห็นชอบให้ส่งคืนงบประมาณ เนื่องจากคาดว่า กพช. จะเห็นชอบร่าง\r\nแผน PDP ในช่วงเดือนกันยายน 2561 ซึ่งจะทำให้การทบทวนแผน EEP\r\nและแผน AEDP ล่าช้าออกไป และส่งผลให้ไม่สามารถดำเนินโครงการได้\r\nภายในปีงบประมาณ พ.ศ. 2561', 'ไม่เป็นไปตามแผน ทั้งนี้ จะมีการติดตามสถานการณ์การทบทวนแผน PDP EEP และ AEDP รวมถึงเตรียมความพร้อมในการทบทวนแผนบริหารจัดการน้ำมันเชื้อเพลิง', '1', '2019-09-04 11:45:53', '1', '', '', '', '', '', '', '', '');
INSERT INTO `kpi_log` VALUES ('5', '11', '2', 'มีแผนการบริหารจัดการน้ำมัน\r\nเชื้อเพลิง พ.ศ. 2558 - 2579  \r\n(Oil Plan 2018) ที่สอดคล้องกับสถานการณ์', '', '0', '0.2432', null, 'อธพ. เห็นชอบให้ส่งคืนงบประมาณ เนื่องจากคาดว่า กพช. จะเห็นชอบร่าง\r\nแผน PDP ในช่วงเดือนกันยายน 2561 ซึ่งจะทำให้การทบทวนแผน EEP\r\nและแผน AEDP ล่าช้าออกไป และส่งผลให้ไม่สามารถดำเนินโครงการได้\r\nภายในปีงบประมาณ พ.ศ. 2561', 'ไม่เป็นไปตามแผน ทั้งนี้ จะมีการติดตามสถานการณ์การทบทวนแผน PDP EEP และ AEDP รวมถึงเตรียมความพร้อมในการทบทวนแผนบริหารจัดการน้ำมันเชื้อเพลิง', '1', '2019-09-04 15:58:17', '1', '', '', '', '', '', '', '', '');
INSERT INTO `kpi_log` VALUES ('6', '12', '3', 'มีการติดตามที่มีประสิทธิภาพ ทันต่อสถานการณ์', '', '0', '0', null, 'รายงาน กบง. ไตรมาสที่ 4/2561 เมื่อวันที่ 19 ต.ค. 2561 และมีการติดตามผลการดำเนินงานเพื่อรายงานให้ กบง. ทราบอย่างต่อเนื่อง', 'เป็นไปตามแผน\r\n     1. ควรมีการประชุมหน่วยงานที่เกี่ยวข้องเพื่อซักซ้อมความเข้าใจ\r\nและกำหนดวันในการรายงานผลและรับทราบถึงปัญหาอุปสรรคในขั้นตอน\r\nการดำเนินการรวบรวมข้อมูลและการรายงาน\r\n     2. ควรมีระบบการติดตามและการรายงานความคืบหน้าการดำเนินงาน\r\nตามแผนบริหารจัดการน้ำมันเชื้อเพลิง พ.ศ. 2558 – 2579 (Oil Plan 2015)\r\n     3. หน่วยงานที่เกี่ยวข้องควรกำหนดให้มีผู้รับผิดชอบสำรองที่สามารถทำงานแทนผู้รับผิดชอบหลักได้', '1', '2019-09-04 16:01:01', '1', '', '', '', '', '', '', '', '');
INSERT INTO `kpi_log` VALUES ('7', '75', '65', 'บุคลากร ธพ. รับรู้ภารกิจ ธพ.เพิ่มมากขึ้น', '', '0', '0', null, 'ติดบอร์ดประชาสัมพันธ์ภารกิจ ข้อมูลข่าวสารต่างๆ และขั้นตอนการรับ\r\nข้อร้องเรียน ของ ธพ. ณ ชั้น 19 และ 20', '- เป็นไปตามแผน', '1', '2019-09-04 16:16:06', '1', '', '', '', '', '', '', '', '');

-- ----------------------------
-- Table structure for mission
-- ----------------------------
DROP TABLE IF EXISTS `mission`;
CREATE TABLE `mission` (
  `mission_id` int(11) NOT NULL AUTO_INCREMENT,
  `strategy_id` int(11) NOT NULL,
  `mission_name` longtext NOT NULL,
  `mission_remark` longtext,
  PRIMARY KEY (`mission_id`),
  KEY `fk_Mission_Strategy1_idx` (`strategy_id`),
  CONSTRAINT `fk_Mission_Strategy1` FOREIGN KEY (`strategy_id`) REFERENCES `strategy` (`strategy_id`)
) ENGINE=InnoDB AUTO_INCREMENT=23 DEFAULT CHARSET=utf8;

-- ----------------------------
-- Records of mission
-- ----------------------------
INSERT INTO `mission` VALUES ('1', '5', 'การจำหน่ายน้ำมันที่ได้รับคุณภาพตามมาตรฐาน', '');
INSERT INTO `mission` VALUES ('2', '3', 'หน่วยงานที่ได้รับการกำกับตรวจสอบและให้คำแนะนำตามแผนการตรวจสอบประจำปี', '');
INSERT INTO `mission` VALUES ('3', '5', 'ผลักดันแผนบริหารจัดการน้ำมันเชื้อเพลิงสู่การปฏิบัติอย่างมีประสิทธิภาพ', null);
INSERT INTO `mission` VALUES ('4', '5', 'ผลักดันและส่งเสริมการลงทุน โดยเฉพาะโครงสร้างพื้นฐานด้านน้ำมันเชื้อเพลิง ', null);
INSERT INTO `mission` VALUES ('5', '5', 'สนับสนุนการมีส่วนร่วมกับภาคประชาชน เพื่อสร้างความเข้าใจในการพัฒนาโครงสร้างพื้นฐานโดยเฉพาะในพื้นที่โครงการ ', null);
INSERT INTO `mission` VALUES ('6', '5', 'พัฒนาระบบการป้องกันและแก้ไขการขาดแคลนน้ำมันเชื้อเพลิงและซักซ้อมระบบสภาวะฉุกเฉินด้านน้ำมันเชื้อเพลิง ', null);
INSERT INTO `mission` VALUES ('7', '5', 'ปรับปรุงกฎหมายที่เกี่ยวข้อง\r\nกับธุรกิจน้ำมันเชื้อเพลิงให้ทันสมัย สอดคล้องกันเพื่อส่งเสริมธุรกิจ\r\nพลังงานเชิงนวัตกรรมก้าวสู่สังคม\r\nยุค Thailand 4.0', null);
INSERT INTO `mission` VALUES ('8', '5', 'สนับสนุนการสร้างภาคีเครือข่ายความร่วมมือระหว่างประเทศด้านธุรกิจน้ำมันเชื้อเพลิงในภูมิภาคอาเซียนให้มีความสอดคล้องกัน', null);
INSERT INTO `mission` VALUES ('9', '5', 'ส่งเสริมการแข่งขันกิจการน้ำมันเชื้อเพลิงในทุกระดับ', null);
INSERT INTO `mission` VALUES ('10', '6', 'กำหนดมาตรการในการกำกับดูแลการค้า คุณภาพ และความปลอดภัยของกิจการน้ำมันเชื้อเพลิง', '');
INSERT INTO `mission` VALUES ('11', '6', 'พัฒนาระบบการตรวจสอบด้านการค้า คุณภาพและความปลอดภัย\r\nของกิจการน้ำมันเชื้อเพลิงให้ได้มาตรฐานสากลด้วยนวัตกรรม', '');
INSERT INTO `mission` VALUES ('12', '6', 'ผลักดันและสนับสนุนการดำเนิน\r\nงานด้านความมั่นคง ความปลอดภัย\r\nอาชีวอนามัยและสิ่งแวดล้อม (SSHE) ของผู้ประกอบการ ด้วยการตรวจติดตามอย่างเป็นระบบด้วยนวัตกรรมและส่งเสริมการเพิ่มประสิทธิภาพ\r\nการให้บริการของสถานประกอบ\r\nกิจการน้ำมันเชื้อเพลิง', '');
INSERT INTO `mission` VALUES ('13', '6', 'สนับสนุนการปรับโครงสร้างราคาน้ำมันเชื้อเพลิงให้สะท้อนต้นทุน\r\nเพื่อบริหารจัดการชนิดน้ำมันเชื้อเพลิงได้อย่างเหมาะสมและมีประสิทธิภาพ', '');
INSERT INTO `mission` VALUES ('14', '6', 'เตรียมความพร้อมองค์กร\r\nและพัฒนากฎหมายเพื่อรองรับ\r\nภารกิจการกำกับดูแลกิจการธุรกิจพลังงานชนิดใหม่ที่จะเกิดขึ้นในอนาคต', '');
INSERT INTO `mission` VALUES ('15', '7', 'สนับสนุนมาตรการประหยัดน้ำมันเชื้อเพลิงในภาคขนส่งตามแผนอนุรักษ์พลังงาน (EEP)', null);
INSERT INTO `mission` VALUES ('16', '7', ' ผลักดันการใช้เชื้อเพลิงเอทานอล ไบโอดีเซล และเชื้อเพลิงอื่น ตามแผนพลังงานทดแทนและพลังงานทางเลือก (AEDP)', null);
INSERT INTO `mission` VALUES ('17', '8', 'พัฒนาโครงสร้างพื้นฐานและระบบสารสนเทศเพื่อเป็นศูนย์ข้อมูลธุรกิจน้ำมันเชื้อเพลิงของประเทศ', '1');
INSERT INTO `mission` VALUES ('18', '8', 'สนับสนุนและสร้างความตระหนักในการรักษาความมั่นคงปลอดภัยทางไซเบอร์ (Cyber Security)', null);
INSERT INTO `mission` VALUES ('19', '8', 'เพิ่มประสิทธิภาพการให้บริการ\r\nที่เป็นธรรมโปร่งใส ทันสมัย \r\nตรวจสอบได้', null);
INSERT INTO `mission` VALUES ('20', '8', 'สนับสนุนการวิจัย การสร้างนวัตกรรมเพื่อพัฒนาองค์ความรู้\r\nและสร้างความเชี่ยวชาญเฉพาะด้านเพื่อถ่ายทอดองค์ความรู้ด้านธุรกิจ\r\nน้ำมันเชื้อเพลิง', null);
INSERT INTO `mission` VALUES ('21', '8', 'ส่งเสริมและสร้างจิตสำนึก\r\nให้บุคลากรยึดมั่นในหลักธรรมาภิบาล', null);
INSERT INTO `mission` VALUES ('22', '8', 'สร้างการมีส่วนร่วม และส่งเสริมความเสมอภาคของบุคลากรในองค์กรและมีระบบการจัดการข้อร้องเรียนอย่างมีประสิทธิภาพ', null);

-- ----------------------------
-- Table structure for mission_log
-- ----------------------------
DROP TABLE IF EXISTS `mission_log`;
CREATE TABLE `mission_log` (
  `missionlog_id` int(11) NOT NULL AUTO_INCREMENT,
  `mission_id` int(11) NOT NULL,
  `strategy_id` int(11) NOT NULL,
  `mission_name` mediumtext NOT NULL,
  `mission_remark` mediumtext,
  `date` datetime NOT NULL,
  `user_id` int(11) NOT NULL,
  PRIMARY KEY (`missionlog_id`),
  KEY `fk_Missionlog_Mission1_idx` (`mission_id`),
  KEY `fk_Missionlog_User1_idx` (`user_id`),
  CONSTRAINT `fk_Missionlog_Mission1` FOREIGN KEY (`mission_id`) REFERENCES `mission` (`mission_id`),
  CONSTRAINT `fk_Missionlog_User1` FOREIGN KEY (`user_id`) REFERENCES `user` (`user_id`)
) ENGINE=InnoDB AUTO_INCREMENT=2 DEFAULT CHARSET=utf8;

-- ----------------------------
-- Records of mission_log
-- ----------------------------
INSERT INTO `mission_log` VALUES ('1', '1', '5', 'การจำหน่ายน้ำมันที่ได้รับคุณภาพตามมาตรฐาน', '', '2019-07-04 13:31:41', '1');

-- ----------------------------
-- Table structure for plan
-- ----------------------------
DROP TABLE IF EXISTS `plan`;
CREATE TABLE `plan` (
  `plan_id` int(11) NOT NULL AUTO_INCREMENT,
  `mission_id` int(11) NOT NULL,
  `plan_name` longtext NOT NULL,
  `plan_remark` longtext,
  PRIMARY KEY (`plan_id`),
  KEY `fk_Plan_Mission1_idx` (`mission_id`),
  CONSTRAINT `fk_Plan_Mission1` FOREIGN KEY (`mission_id`) REFERENCES `mission` (`mission_id`)
) ENGINE=InnoDB AUTO_INCREMENT=66 DEFAULT CHARSET=utf8;

-- ----------------------------
-- Records of plan
-- ----------------------------
INSERT INTO `plan` VALUES ('1', '4', 'การพิจารณาอนุญาติและจดทะเบียนเป็นผู้ค้าน้ำมัน', '-');
INSERT INTO `plan` VALUES ('2', '3', 'โครงการทบทวนแผนบริหารจัดการน้ำมันเชื้อเพลิง (Oil Plan 2015)', '');
INSERT INTO `plan` VALUES ('3', '3', 'โครงการติดตามผลการดำเนินงานตามแผนบริหารจัดการน้ำมันเชื้อเพลิง \r\n(Oil Plan 2018)', null);
INSERT INTO `plan` VALUES ('4', '4', 'โครงการส่งเสริมและสนับสนุนการพัฒนาระบบการขนส่งน้ำมันทางท่อ', null);
INSERT INTO `plan` VALUES ('5', '5', 'โครงการสร้างความรับรู้ ความเข้าใจให้แก่ประชาชน เกี่ยวกับบทบาทภารกิจของ ธพ.', null);
INSERT INTO `plan` VALUES ('6', '6', 'โครงการสำรองน้ำมันเชื้อเพลิงทางยุทธศาสตร์ (SPR)', null);
INSERT INTO `plan` VALUES ('7', '6', 'โครงการฝึกอบรมแผนบริหารจัดการ \r\nกรมธุรกิจพลังงานในสภาวะวิกฤติ (Business Continuity Management) รุ่นที่ 3-4', null);
INSERT INTO `plan` VALUES ('8', '7', 'แผนงานปรับปรุงกฎหมายที่กรมธุรกิจพลังงานรับผิดชอบตามพระราชกฤษฎีกา การทบทวนความเหมาะสมของกฎหมาย พ.ศ. 2558', null);
INSERT INTO `plan` VALUES ('9', '7', 'โครงการยกร่างกฎกระทรวงสถานที่เก็บรักษาก๊าซปิโตรเลียมเหลว ประเภทโรงเก็บ พ.ศ. ....', null);
INSERT INTO `plan` VALUES ('10', '7', 'โครงการยกร่างกฎกระทรวงสถานที่เก็บรักษาก๊าซปิโตรเลียมเหลวประเภทสถานที่ใช้ พ.ศ. ....', null);
INSERT INTO `plan` VALUES ('11', '7', 'โครงการยกร่างกฎกระทรวงระบบการขนส่งก๊าซปิโตรเลียมเหลวทางท่อ พ.ศ. ....', null);
INSERT INTO `plan` VALUES ('12', '7', 'โครงการยกร่างกฎกระทรวงสถานที่บรรจุก๊าซปิโตรเลียมเหลวประเภทห้องบรรจุ พ.ศ. ....', null);
INSERT INTO `plan` VALUES ('13', '7', 'โครงการยกร่างประกาศกำหนดเขตระบบการขนส่งก๊าซปิโตรเลียมเหลวทางท่อ นอกเขตพื้นที่การนิคมอุตสาหกรรมแห่งประเทศไทย', null);
INSERT INTO `plan` VALUES ('14', '7', 'โครงการสัมมนารับฟังความคิดเห็นจากกฎหมาย/ระเบียบที่ปรับปรุง', null);
INSERT INTO `plan` VALUES ('15', '7', 'โครงการสัมมนารับฟังความคิดเห็น (ด้านความปลอดภัย)', '14');
INSERT INTO `plan` VALUES ('16', '7', 'โครงการสัมมนารับฟังความคิดเห็น (ด้านการค้าการสำรอง)', '14');
INSERT INTO `plan` VALUES ('17', '8', 'โครงการส่งเสริมให้มีการกำหนดมาตรฐานคุณภาพน้ำมันเชื้อเพลิงของอาเซียน ', null);
INSERT INTO `plan` VALUES ('18', '7', 'แผนงานการปรับปรุงกฎหมาย (พระราชบัญญัติการค้าน้ำมันเชื้อเพลิง พ.ศ.2543 และกฎหมายที่เกี่ยวข้อง) ', null);
INSERT INTO `plan` VALUES ('20', '9', 'โครงการปรับปรุงระบบการค้าก๊าซหุงต้มของผู้ค้าน้ำมันตามมาตรา 7', null);
INSERT INTO `plan` VALUES ('21', '10', 'แผนงานตรวจประเมินผู้ทดสอบ และตรวจสอบน้ำมันเชื้อเพลิงเพื่อออกหนังสือรับรองตามพระราชบัญญัติควบคุมน้ำมันเชื้อเพลิง พ.ศ. 2542', null);
INSERT INTO `plan` VALUES ('22', '10', 'แผนตรวจมาตรฐานความปลอดภัยธุรกิจก๊าซธรรมชาติ', null);
INSERT INTO `plan` VALUES ('23', '10', 'แผนตรวจมาตรฐานความปลอดภัยธุรกิจก๊าซปิโตรเลียมเหลว', null);
INSERT INTO `plan` VALUES ('24', '10', 'แผนตรวจมาตรฐานความปลอดภัยธุรกิจน้ำมัน', null);
INSERT INTO `plan` VALUES ('25', '10', 'แผนการตรวจสอบคุณภาพน้ำมันเชื้อเพลิง', null);
INSERT INTO `plan` VALUES ('26', '10', 'แผนการพิจารณาแบบแจ้งเพื่อขอความเห็นชอบ', null);
INSERT INTO `plan` VALUES ('27', '10', 'แผนการจัดทำข้อมูลข่าวสารและปริมาณการค้าน้ำมันหล่อลื่น', null);
INSERT INTO `plan` VALUES ('28', '10', 'แผนงานการประมวลและเผยแพร่ข้อมูลน้ำมันเชื้อเพลิงของผู้ค้าน้ำมันตามมาตรา 7 และมาตรา 10 แห่งพระราชบัญญัติการค้าน้ำมันเชื้อเพลิง พ.ศ. 2543 ', null);
INSERT INTO `plan` VALUES ('29', '10', 'แผนงานการจัดทำสถานการณ์น้ำมันเชื้อเพลิงผู้ค้าน้ำมันมาตรา 7', null);
INSERT INTO `plan` VALUES ('30', '10', 'แผนงานการจัดทำข้อมูล Fact Sheet ของกรมธุรกิจพลังงาน', null);
INSERT INTO `plan` VALUES ('31', '10', 'แผนงานการพิจารณาปริมาณการค้า และสถานที่เก็บสำรองน้ำมันเชื้อเพลิงตามภารกิจหลัก', null);
INSERT INTO `plan` VALUES ('32', '10', 'แผนงานกำกับดูแลการนำเข้า และส่งออกน้ำมันเชื้อเพลิง', null);
INSERT INTO `plan` VALUES ('33', '10', 'แผนงานกำกับดูแลการค้าก๊าซหุงต้ม', null);
INSERT INTO `plan` VALUES ('34', '10', 'โครงการปรับปรุงระบบฐานข้อมูลธุรกิจพลังงาน', null);
INSERT INTO `plan` VALUES ('35', '10', 'แผนงานการรายงานผลการติดตาม และวิเคราะห์แผนการค้าของผู้ค้าน้ำมันมาตรา 7', null);
INSERT INTO `plan` VALUES ('36', '11', 'โครงการฝึกอบรมพัฒนาศักยภาพด้านวิศวกรรมสำหรับผู้ปฏิบัติงานตามกฎหมายควบคุมน้ำมันเชื้อเพลิง', null);
INSERT INTO `plan` VALUES ('37', '11', 'โครงการอบรมผู้ปฏิบัติงานด้านน้ำมันเชื้อเพลิง', null);
INSERT INTO `plan` VALUES ('38', '11', 'โครงการยกระดับความสามารถทางวิชาการของห้องปฏิบัติการด้านการตรวจสอบคุณภาพน้ำมันเชื้อเพลิงตามมาตรฐาน ISO 17025', null);
INSERT INTO `plan` VALUES ('39', '11', 'โครงการสัมมนาเชิงปฏิบัติการการทดสอบร่วมระหว่างห้องปฏิบัติการน้ำมันเชื้อเพลิง (Thai Petroleum Laboratories Correlation)', null);
INSERT INTO `plan` VALUES ('40', '11', 'โครงการระบบรายงานการตรวจสอบปริมาณการส่งออกน้ำมันเชื้อเพลิงที่มีลักษณะและคุณภาพไม่เป็นไปตามที่กรมธุรกิจพลังงานกำหนด (ฐานข้อมูล IT Center ของกรมศุลกากร)', null);
INSERT INTO `plan` VALUES ('41', '11', 'โครงการพัฒนาระบบฐานข้อมูลสถานที่เก็บและปริมาณน้ำมันเชื้อเพลิงสำรองของประเทศ', null);
INSERT INTO `plan` VALUES ('42', '12', 'แผนงานการตรวจสอบและติดตามการชำระค่าธรรมเนียมรายปีผู้ค้าน้ำมัน และผู้ขนส่งน้ำมันเชื้อเพลิงตามพระราชบัญญัติการค้าน้ำมันเชื้อเพลิง พ.ศ. 2543', null);
INSERT INTO `plan` VALUES ('43', '12', 'แผนงานตรวจสอบตามคำสั่งนายกรัฐมนตรี ที่ 4/2547 และที่แก้ไขเพิ่มเติม พ.ศ. 2554', null);
INSERT INTO `plan` VALUES ('44', '12', 'แผนงานการตรวจสอบติดตามให้ผู้ประกอบการปฏิบัติให้ถูกต้องตาม พรบ. การค้าน้ำมันเชื้อเพลิง พ.ศ. 2543  และที่แก้ไขเพิ่มเติม พ.ศ. 2550', null);
INSERT INTO `plan` VALUES ('45', '12', ' แผนการจัดทำงบประมาณรายจ่ายประจำปี', null);
INSERT INTO `plan` VALUES ('46', '12', 'โครงการจัดทำแผนปฏิบัติงานและแผนการใช้จ่ายงบประมาณประจำปี', null);
INSERT INTO `plan` VALUES ('47', '12', 'แผนการติดตามประเมินผลการปฏิบัติราชการและการเบิกจ่ายงบประมาณ กรมธุรกิจพลังงาน', null);
INSERT INTO `plan` VALUES ('48', '12', 'โครงการติดตามผลการปฏิบัติงานตามกฎกระทรวงการขนส่งน้ำมันโดยถังขนส่งน้ำมัน', null);
INSERT INTO `plan` VALUES ('49', '13', ' โครงการลดชนิดน้ำมันเชื้อเพลิงระยะสั้น ปี 2561-2563', null);
INSERT INTO `plan` VALUES ('50', '17', 'โครงการจัดทำระบบรายงานข้อมูลการนำเข้าและส่งออกก๊าซธรรมชาติผ่านระบบ National Single Window (NSW)', '');
INSERT INTO `plan` VALUES ('51', '17', 'โครงการจัดทำแผนฉุกเฉิน กรมธุรกิจพลังงาน จังหวัดชลบุรี', null);
INSERT INTO `plan` VALUES ('52', '17', 'โครงการฝึกซ้อมดับเพลิงขั้นต้นและฝึกซ้อมอพยพหนีไฟ จังหวัดชลบุรี', null);
INSERT INTO `plan` VALUES ('53', '19', 'โครงการเผยแพร่รายงานผลการตรวจสอบ', null);
INSERT INTO `plan` VALUES ('54', '19', 'โครงการพัฒนาสมรรถนะหลัก  (การบริการที่ดี)', null);
INSERT INTO `plan` VALUES ('55', '19', 'โครงการทบทวนและจัดทำแผนยุทธศาสตร์ กรมธุรกิจพลังงาน', null);
INSERT INTO `plan` VALUES ('56', '19', 'โครงการทบทวนและจัดทำแผนปฏิบัติราชการ 5 ปี และแผนปฏิบัติราชการประจำปีกรมธุรกิจพลังงาน', null);
INSERT INTO `plan` VALUES ('57', '19', 'โครงการทบทวนและจัดทำแผนป้องกันและปราบปรามการทุจริต 5 ปี  และแผนป้องกันและปราบปรามการทุจริตประจำปี กรมธุรกิจพลังงาน', null);
INSERT INTO `plan` VALUES ('58', '19', 'แผนการพัฒนาระบบราชการด้วย PMQA ระดับกระทรวงและระดับกรม ประจำปีงบประมาณ', null);
INSERT INTO `plan` VALUES ('59', '19', 'แผนการพัฒนาสมรรถนะองค์การ', null);
INSERT INTO `plan` VALUES ('60', '19', 'โครงการประเมินคุณธรรม และความโปร่งใสในการดำเนินงาน ของหน่วยงานภาครัฐ (ITA)', null);
INSERT INTO `plan` VALUES ('61', '19', 'โครงการจัดตั้งศูนย์สอบอิเล็กทรอนิกส์', null);
INSERT INTO `plan` VALUES ('62', '20', 'โครงการเสริมสร้างความรู้ด้านการเงินการคลังภาครัฐ', null);
INSERT INTO `plan` VALUES ('63', '20', 'โครงการพัฒนาความรู้บุคลากรตามภารกิจของกรมธุรกิจพลังงาน', null);
INSERT INTO `plan` VALUES ('64', '21', 'โครงการส่งเสริมจริยธรรม คุณธรรมและหลักธรรมาภิบาล', null);
INSERT INTO `plan` VALUES ('65', '22', 'โครงการประชาสัมพันธ์เชิงรุกสร้างองค์กรสู่ความสำเร็จ', null);

-- ----------------------------
-- Table structure for plan_log
-- ----------------------------
DROP TABLE IF EXISTS `plan_log`;
CREATE TABLE `plan_log` (
  `planlog_id` int(11) NOT NULL AUTO_INCREMENT,
  `plan_id` int(11) NOT NULL,
  `mission_id` int(11) NOT NULL,
  `plan_name` longtext NOT NULL,
  `plan_remark` longtext,
  `date` datetime NOT NULL,
  `user_id` int(11) NOT NULL,
  PRIMARY KEY (`planlog_id`),
  KEY `fk_Plan_Plan1` (`plan_id`),
  KEY `fk_Planlog_User1` (`user_id`),
  CONSTRAINT `fk_Plan_Plan1` FOREIGN KEY (`plan_id`) REFERENCES `plan` (`plan_id`),
  CONSTRAINT `fk_Planlog_User1` FOREIGN KEY (`user_id`) REFERENCES `user` (`user_id`)
) ENGINE=InnoDB AUTO_INCREMENT=3 DEFAULT CHARSET=utf8;

-- ----------------------------
-- Records of plan_log
-- ----------------------------
INSERT INTO `plan_log` VALUES ('2', '1', '2', 'การพิจารณาอนุญาติและจดทะเบียนเป็นผู้ค้าน้ำมัน', '-', '2019-07-09 10:13:29', '1');

-- ----------------------------
-- Table structure for role
-- ----------------------------
DROP TABLE IF EXISTS `role`;
CREATE TABLE `role` (
  `role_id` int(11) NOT NULL AUTO_INCREMENT,
  `role_name` varchar(255) NOT NULL,
  `role_remark` varchar(255) DEFAULT NULL,
  PRIMARY KEY (`role_id`)
) ENGINE=InnoDB AUTO_INCREMENT=6 DEFAULT CHARSET=utf8;

-- ----------------------------
-- Records of role
-- ----------------------------
INSERT INTO `role` VALUES ('1', 'SuperAdmin', null);
INSERT INTO `role` VALUES ('2', 'Admin', null);
INSERT INTO `role` VALUES ('3', 'UserUrban', null);
INSERT INTO `role` VALUES ('4', 'UserSuburb', null);
INSERT INTO `role` VALUES ('5', 'Executive', null);

-- ----------------------------
-- Table structure for strategy
-- ----------------------------
DROP TABLE IF EXISTS `strategy`;
CREATE TABLE `strategy` (
  `strategy_id` int(11) NOT NULL AUTO_INCREMENT,
  `strategy_name` longtext NOT NULL,
  `strategy_year` varchar(4) NOT NULL,
  `strategy_remark` longtext,
  PRIMARY KEY (`strategy_id`)
) ENGINE=InnoDB AUTO_INCREMENT=9 DEFAULT CHARSET=utf8;

-- ----------------------------
-- Records of strategy
-- ----------------------------
INSERT INTO `strategy` VALUES ('3', 'ด้านการสร้างความสามารถในการแข่งขันของประเทศ', '2563', '');
INSERT INTO `strategy` VALUES ('5', 'การอนุญาต กำกับ ดูแล ธุรกิจพลังงานบริหารจัดการพลังงาน\r\nเพื่อความมั่นคงและส่งเสริม\r\nการลงทุนธุรกิจพลังงาน', '2561', '');
INSERT INTO `strategy` VALUES ('6', 'กำกับดูแลกิจการพลังงาน\r\nด้วยความเป็นธรรม ทันสมัย\r\nได้มาตรฐานสากล', '2561', null);
INSERT INTO `strategy` VALUES ('7', 'ส่งเสริมพลังงานที่ยั่งยืนและเป็นมิตรต่อสิ่งแวดล้อม', '2561', null);
INSERT INTO `strategy` VALUES ('8', 'พัฒนาองค์กรสู่การเป็นองค์กร\r\nสมรรถนะสูงที่ยึดมั่นในหลัก\r\nธรรมาภิบาล', '2561', null);

-- ----------------------------
-- Table structure for strategy_log
-- ----------------------------
DROP TABLE IF EXISTS `strategy_log`;
CREATE TABLE `strategy_log` (
  `strategylog_id` int(11) NOT NULL AUTO_INCREMENT,
  `strategy_id` int(11) NOT NULL,
  `strategy_name` longtext NOT NULL,
  `strategy_year` varchar(4) NOT NULL,
  `strategy_remark` longtext,
  `date` datetime NOT NULL,
  `user_id` int(11) NOT NULL,
  PRIMARY KEY (`strategylog_id`),
  KEY `fk_Strategy_log_Strategy_id1_idx` (`strategy_id`),
  KEY `fk_Strategy_log_User_id1_idx` (`user_id`),
  CONSTRAINT `fk_Strategy_log_Strategy_id1` FOREIGN KEY (`strategy_id`) REFERENCES `strategy` (`strategy_id`) ON DELETE CASCADE ON UPDATE CASCADE,
  CONSTRAINT `fk_Strategy_log_User_id1_idx` FOREIGN KEY (`user_id`) REFERENCES `user` (`user_id`)
) ENGINE=InnoDB DEFAULT CHARSET=utf8;

-- ----------------------------
-- Records of strategy_log
-- ----------------------------

-- ----------------------------
-- Table structure for target
-- ----------------------------
DROP TABLE IF EXISTS `target`;
CREATE TABLE `target` (
  `target_id` int(11) NOT NULL AUTO_INCREMENT,
  `plan_id` int(11) NOT NULL,
  `target_name` varchar(255) NOT NULL,
  PRIMARY KEY (`target_id`),
  KEY `fk_target_plan1_idx` (`plan_id`),
  CONSTRAINT `fk_target_plan1` FOREIGN KEY (`plan_id`) REFERENCES `plan` (`plan_id`) ON DELETE NO ACTION ON UPDATE NO ACTION
) ENGINE=InnoDB AUTO_INCREMENT=64 DEFAULT CHARSET=utf8;

-- ----------------------------
-- Records of target
-- ----------------------------
INSERT INTO `target` VALUES ('1', '2', 'เพื่อเพิ่มประสิทธิภาพการบริหารจัดการน้ำมันเชื้อเพลิง ให้สอดคล้องกับสถานการณ์ปัจจุบัน1');
INSERT INTO `target` VALUES ('2', '3', 'เพื่อเพิ่มประสิทธิภาพการติดตามผลการดำเนินงาน');
INSERT INTO `target` VALUES ('3', '4', 'เพื่อให้มีท่อขนส่งน้ำมันไปยังภาคเหนือและภาคตะวันออกเฉียงเหนือ');
INSERT INTO `target` VALUES ('4', '5', 'เพื่อสร้างความรับรู้ ความเข้าใจ ให้แก่ประชาชน เกี่ยวกับบทบาทภารกิจของ ธพ.');
INSERT INTO `target` VALUES ('5', '6', 'เพื่อศึกษา วิเคราะห์ รูปแบบการสำรองน้ำมันเชื้อเพลิงที่เหมาะสมกับสถานการณ์ และมีผลการศึกษารูปแบบการสำรองน้ำมันเชื้อเพลิงที่เหมาะสมกับสถานการณ์ประเทศไทย');
INSERT INTO `target` VALUES ('6', '7', 'เพื่อให้บุคลากรกรมธุรกิจพลังงานได้รับความรู้ ความเข้าใจแผนบริหารจัดการกรมธุรกิจพลังงานในสภาวะวิกฤติ (Business Continuity Management: BCM)');
INSERT INTO `target` VALUES ('7', '8', 'เพื่อทบทวนกฎหมายที่อยู่ในความรับผิดชอบของกรมธุรกิจพลังงานให้มีความทันสมัยสอดคล้องกับสถานการณ์ในปัจจุบัน และบังคับใช้อย่างมีประสิทธิภาพตามพระราชกฤษฎีกาการทบทวนความเหมาะสมของกฎหมาย พ.ศ. 2558');
INSERT INTO `target` VALUES ('8', '9', 'เพื่อนำร่างกฎกระทรวงสถานที่เก็บรักษาก๊าซปิโตรเลียมเหลว ประเภทโรงเก็บ\r\nพ.ศ. .... เสนอรัฐมนตรีพิจารณา');
INSERT INTO `target` VALUES ('9', '10', 'เพื่อนำร่างกฎกระทรวงสถานที่เก็บรักษาก๊าซปิโตรเลียมเหลวประเภทสถานที่ใช้\r\nพ.ศ. ....  เสนอรัฐมนตรีพิจารณา');
INSERT INTO `target` VALUES ('10', '11', 'เพื่อประกาศลงในราชกิจจานุเบกษา');
INSERT INTO `target` VALUES ('11', '12', 'เพื่อนำร่างกฎกระทรวงสถานที่บรรจุก๊าซปิโตรเลียมเหลวประเภทห้องบรรจุ พ.ศ. ....เสนอรัฐมนตรีพิจารณา');
INSERT INTO `target` VALUES ('12', '13', 'เพื่อนำประกาศกำหนดเขตระบบการขนส่งก๊าซปิโตรเลียมเหลวทางท่อเสนอรัฐมนตรีลงนาม');
INSERT INTO `target` VALUES ('13', '15', 'เพื่อรับฟังข้อคิดเห็นและข้อเสนอแนะต่อร่างกฎหมายที่เกี่ยวข้องและนำมาปรับปรุงให้เกิดประโยชน์สูงสุด');
INSERT INTO `target` VALUES ('14', '16', 'เพื่อให้ผู้ประกอบการมีส่วนร่วมในการให้ความเห็นการปรับแก้ไขกฎหมายให้เป็นไปโดยถูกต้อง ทันสมัย สอดคล้องกับธุรกิจสภาพในปัจจุบัน');
INSERT INTO `target` VALUES ('15', '18', 'เพื่อปรับปรุงพระราชบัญญัติฯ\r\nและกฎหมายที่เกี่ยวข้อง ให้สอดคล้อง\r\nกับสถานการณ์ และมีความทันสมัย สามารถบังคับใช้กฎหมายให้เป็นไป\r\nโดยถูกต้องสอดคล้องกับสภาพธุรกิจในปัจจุบัน ');
INSERT INTO `target` VALUES ('16', '17', 'เพื่อสร้างความตระหนักเกี่ยวกับความ\r\nสำคัญและประโยชน์ของการมีมาตรฐานน้ำมันเชื้อเพลิงร่วมของอาเซียนให้แก่ประเทศสมาชิก');
INSERT INTO `target` VALUES ('17', '20', 'เพื่อให้โรงบรรจุก๊าซสามารถบรรจุก๊าซได้เต็มกำลังการผลิต และอย่างเสรี รวมทั้ง ให้มีระบบการซ่อมถังเป็นไปอย่างมีประสิทธิภาพ');
INSERT INTO `target` VALUES ('18', '21', 'เพื่อให้ผู้ทดสอบ/ตรวจสอบ ได้มาตรฐานตามที่กฎหมายกำหนด');
INSERT INTO `target` VALUES ('19', '22', '1. ตรวจขอใบอนุญาตใหม่\r\n(ขอใหม่ ขอเปลี่ยนแปลง การโอน)\r\n2. ตรวจต่ออายุใบอนุญาต\r\n3. ตรวจตรา/ตรวจครบวาระเพื่อรักษามาตรฐานและเพิ่มความเข้มงวดในด้านความปลอดภัยของผู้ประกอบการให้มากขึ้น');
INSERT INTO `target` VALUES ('20', '23', '1. ตรวจขอใบอนุญาตใหม่\r\n(ขอใหม่ ขอเปลี่ยนแปลง การโอน)\r\n2. ตรวจต่ออายุใบอนุญาต\r\n3. ตรวจตรา/ตรวจครบวาระเพื่อรักษามาตรฐานและเพิ่มความเข้มงวดในด้านความปลอดภัยของผู้ประกอบการให้มากขึ้น');
INSERT INTO `target` VALUES ('21', '24', '1. ตรวจขอใบอนุญาตใหม่ \r\n(ขอใหม่ ขอเปลี่ยนแปลง การโอน)\r\n2. ตรวจต่ออายุใบอนุญาต\r\n3. ตรวจตรา/ตรวจครบวาระเพื่อรักษามาตรฐานและเพิ่มความเข้มงวดในด้านความปลอดภัยของผู้ประกอบการให้มากขึ้น');
INSERT INTO `target` VALUES ('22', '25', 'เพื่อคุ้มครองผู้บริโภคได้ใช้น้ำมันที่มี\r\nคุณภาพเป็นไปตามประกาศที่กฏหมายกำหนด เหมาะสมกับการใช้งาน');
INSERT INTO `target` VALUES ('23', '26', 'เพื่อกำกับดูแลธุรกิจพลังงานด้านคุณภาพน้ำมันเชื้อเพลิงเพื่อคุ้มครองให้ผู้บริโภคได้ใช้น้ำมันเชื้อเพลิงที่ได้มาตรฐานเหมาะกับการใช้งานโดยพิจารณาแบบแจ้ง\r\n1. ลักษณะและคุณภาพน้ำมันเชื้อเพลิงเฉพาะส่วนที่ไม่เป็นไปตามประกาศกำหนด\r\n2. การเติมสารเติมแต่งในน้ำมันเชื้อเ');
INSERT INTO `target` VALUES ('24', '27', 'เพื่อให้ข้อมูลรายชื่อผู้ค้าน้ำมันและเลขทะเบียนการให้ความเห็นชอบน้ำมันหล่อลื่น รวมทั้งปริมาณการค้าน้ำมันเครื่องเผยแพร่เป็นข้อมูลในเว็บไซต์ ธพ.');
INSERT INTO `target` VALUES ('25', '29', 'เพื่อให้ข้อมูลรายงานน้ำมันเชื้อเพลิงมีความถูกต้อง ครบถ้วน เพื่อนำเสนอผู้บริหาร และเผยแพร่ได้ทันสถานการณ์ปัจจุบัน');
INSERT INTO `target` VALUES ('26', '28', 'เพื่อให้ข้อมูลน้ำมันเชื้อเพลิงของประเทศ\r\nมีความครบถ้วน ถูกต้อง เป็นปัจจุบัน สามารถเผยแพร่ได้ภายในระยะเวลาที่กำหนด รายละเอียดดังนี้\r\n1. ตรวจรายงานและประมวลผลเพื่อเผยแพร่ข้อมูลปริมาณน้ำมันเชื้อเพลิง\r\nของผู้ค้าน้ำมันตามมาตรา 7 รายเดือน\r\nและรายปี (ภายใน 6-12 ');
INSERT INTO `target` VALUES ('27', '30', 'เพื่อให้ข้อมูล Fact Sheet ถูกต้อง\r\nครบถ้วน สามารถเผยแพร่ในเวลาที่กำหนด (ข้อมูลสถานประกอบการ สถิติ ปริมาณการผลิต นำเข้า จำหน่าย ส่งออกน้ำมัน)');
INSERT INTO `target` VALUES ('28', '31', 'เพื่อให้ผู้ค้าน้ำมันตามมาตรา 7 มีสถานที่เก็บสำรองน้ำมันเชื้อเพลิง และมีการสำรองน้ำมันเชื้อเพลิง รายละเอียดดังนี้\r\n1. พิจารณาปริมาณการค้าน้ำมันเชื้อเพลิงประจำปี    \r\n2. พิจารณาสถานที่ที่ใช้เก็บสำรองน้ำมันเชื้อเพลิงประจำปี\r\n3. ตรวจสอบปริมาณน้ำมันเชื้อเพลิงส');
INSERT INTO `target` VALUES ('29', '32', 'เพื่อความมั่นคงทางเศรษฐกิจและส่งเสริมการค้าน้ำมันเชื้อเพลิงระหว่างประเทศ รายละเอียดดังนี้\r\n1. พิจารณาให้ความเห็นชอบและออกหนังสือรับรองการนำเข้า\r\n2. พิจารณาให้ความเห็นชอบและออกหนังสือรับรองการส่งออกก๊าซปิโตรเลียมเหลว');
INSERT INTO `target` VALUES ('30', '33', 'เพื่อให้ประชาชนมีก๊าซหุงต้มใช้อย่างเพียงพอ รายละเอียดดังนี้\r\n1. พิจารณาออกเครื่องหมายประจำตัว\r\nผู้บรรจุก๊าซ\r\n2. พิจารณาออกหนังสืออนุญาตให้มอบ หมายให้ดำเนินการบรรจุก๊าซแทน\r\n3. พิจารณาการเปลี่ยนแปลงรายการ หรือยกเลิกหนังสืออนุญาต');
INSERT INTO `target` VALUES ('31', '38', 'เพื่อเพิ่มประสิทธิภาพของห้องปฏิบัติให้เป็นมาตรฐานสากล');
INSERT INTO `target` VALUES ('32', '37', 'เพื่อให้ผู้ปฏิบัติงานมีความรู้ด้านน้ำมันเชื้อเพลิงตามที่กฎหมายกำหนด');
INSERT INTO `target` VALUES ('33', '36', 'เพื่อให้ผู้มีส่วนได้ส่วนเสียรับรู้และเข้าใจกฎหมายใหม่ที่ประกาศโดยมีการฝึกอบรมบุคลากรกระทรวงพลังงาน และบุคลากรตามภารกิจ ธพ. ที่ถ่ายโอนให้ท้องถิ่น และที่มอบหมายให้ภูมิภาค');
INSERT INTO `target` VALUES ('34', '34', 'เพื่อเป็นศูนย์กลางข้อมูลธุรกิจพลังงานของประเทศ และมีระบบที่สอดคล้องกับกฎหมาย ระเบียบ และวิธีการปฏิบัติงานที่เป็นปัจจุบันสามารถตอบสนองพันธกิจของกรมธุรกิจพลังงานในการกำกับกิจการน้ำมันเชื้อเพลิงด้านความปลอดภัย การค้า และคุณภาพ');
INSERT INTO `target` VALUES ('35', '35', 'เพื่อให้ข้อมูลรายงานแผนการค้ามีความถูกต้อง ครบถ้วน เพื่อนำเสนอผู้บริหาร สำหรับประกอบการพิจารณาตัดสินใจนโยบายพลังงาน');
INSERT INTO `target` VALUES ('36', '38', 'เพื่อเพิ่มประสิทธิภาพของห้องปฏิบัติให้เป็นมาตรฐานสากล ระยะที่ 2 (ปี 2561)');
INSERT INTO `target` VALUES ('37', '39', 'เพื่อให้มีการแลกเปลี่ยนความรู้ทักษะ ตลอดจนเทคนิคต่างๆ ที่สามารถนำไปปรับใช้ในห้องปฏิบัติการทดสอบผลิตภัณฑ์ปิโตรเลียมของไทยในทิศทางเดียวกันตามมาตรฐานสากล (ISO/EN/ASTM)');
INSERT INTO `target` VALUES ('38', '40', 'เพื่อเพิ่มประสิทธิภาพการให้บริการของภาครัฐโดยอำนวยความสะดวกแก่ผู้ค้าน้ำมันในการลดจำนวนเอกสารประกอบ การรายงานปริมาณการส่งออกน้ำมันเชื้อเพลิงที่มีลักษณะและคุณภาพไม่เป็นไปตามที่กรมธุรกิจพลังงานกำหนด');
INSERT INTO `target` VALUES ('39', '41', 'เพื่อเป็นศูนย์กลางข้อมูลการสำรองน้ำมันเชื้อเพลิงคงเหลือของประเทศ');
INSERT INTO `target` VALUES ('40', '42', 'เพื่อให้มีฐานข้อมูลการอนุญาต จดทะเบียนเป็นผู้ค้าน้ำมัน ผู้ขนส่งน้ำมันเชื้อเพลิงตามพ.ร.บ.การค้าน้ำมันเชื้อเพลิง พ.ศ. 2543/\r\nสถานะการประกอบกิจการ/จำนวนการชำระและการค้างชำระค่าธรรมเนียมรายปี');
INSERT INTO `target` VALUES ('41', '43', 'เพื่อให้เจ้าหน้าที่สำนักงานพลังงานจังหวัด\r\nปฏิบัติงานตามที่ได้รับแต่งตั้งและผู้ค้าน้ำมันตามมาตรา 7 โรงบรรจุก๊าซ สถานีบริการก๊าซ จากการคัดเลือก หรือได้รับการร้องเรียน ได้รับคำแนะนำ/ตรวจสอบให้ปฏิบัติได้ถูกต้องตามคำสั่งนายกฯ');
INSERT INTO `target` VALUES ('42', '44', 'เพื่อให้เจ้าหน้าที่สำนักงานพลังงานจังหวัดปฏิบัติงานตามที่ได้รับมอบอำนาจและ\r\nผู้ค้าน้ำมันตามมาตรา 7, 10, 11และผู้ขนส่งน้ำมันตามมาตรา 12 ในกรุงเทพฯ และในส่วนภูมิภาค จากการคัดเลือกหรือได้รับการร้องเรียน ได้รับคำแนะนำ/ตรวจสอบ ให้ปฏิบัติได้ถูกต้องตาม พรบ.ฯ');
INSERT INTO `target` VALUES ('43', '45', 'เพื่อให้จัดทำงบประมาณรายจ่ายประจำปี กรมธุรกิจพลังงานแล้วเสร็จตามปฏิทินงบประมาณที่สำนักงบประมาณได้กำหนด');
INSERT INTO `target` VALUES ('44', '46', 'เพื่อให้มีแผนปฏิบัติงานและแผนการใช้จ่ายงบประมาณประจำปี โดยการจัดสัมมนาเชิงปฏิบัติการเพื่อระดมสมองจัดทำแผนการปฏิบัติงานและการใช้จ่ายงบประมาณประจำปี');
INSERT INTO `target` VALUES ('45', '47', 'เพื่อให้กรมธุรกิจพลังงานสามารถบริหารจัดการการเบิกจ่ายงบประมาณได้อย่างมีประสิทธิภาพ (ส่วนกลางและพลังงานจังหวัด) โดยมีการประชุมติดตามประเมินผลการปฏิบัติราชการและการเบิกจ่ายงบประมาณกรมธุรกิจพลังงานทุกเดือน');
INSERT INTO `target` VALUES ('46', '48', 'เพื่อเป็นการซักซ้อมความเข้าใจวิธีการปฏิบัติตามหลักเกณฑ์ต่างๆ และรับฟังความคิดเห็น ข้อเสนอแนะ จากการปฏิบัติงานของเจ้าหน้าที่และผู้ประกอบการตามที่กฎกระทรวงกำหนด');
INSERT INTO `target` VALUES ('47', '49', 'เพื่อเพิ่มประสิทธิภาพในการ\r\nบริหารจัดการระบบโลจิสติกส์\r\n\r\n - ระยะสั้นปี 2561-2563 ยกเลิกน้ำมันแก๊สโซฮอล์อี 10 ออกเทน 91');
INSERT INTO `target` VALUES ('48', '50', 'เพื่อให้ผู้ประกอบการสามารถนำเข้าส่งออกน้ำมันเชื้อเพลิงโดยเป็นการบริการแบบจุดเดียวเบ็ดเสร็จ');
INSERT INTO `target` VALUES ('49', '51', 'เพื่อให้ที่ทำการ กรมธุรกิจพลังงาน\r\nจังหวัดชลบุรี สามารถตอบโต้สถานการณ์เมื่อมีเหตุฉุกเฉินได้');
INSERT INTO `target` VALUES ('50', '52', '1. เพื่อให้บุคลากรกรมธุรกิจพลังงาน ณ จังหวัดชลบุรี มีความรู้ในด้านการดับเพลิงขั้นต้นและการหนีไฟ\r\n2. เพื่อให้บุคลากรและสถานที่ทำการมีความปลอดภัยจากอัคคีภัย');
INSERT INTO `target` VALUES ('51', '53', 'เพื่อให้บุคลากร ธพ. รับทราบผลการตรวจสอบ');
INSERT INTO `target` VALUES ('52', '54', 'เพื่อให้บุคลากร ธพ. ผู้เข้ารับการฝึกอบรมมีความรู้ด้านการบริการที่ดีเพิ่มขึ้น ');
INSERT INTO `target` VALUES ('53', '55', 'เพื่อให้แผนยุทธศาสตร์ได้รับการทบทวนตามสถานการณ์ที่เปลี่ยนแปลง');
INSERT INTO `target` VALUES ('54', '56', 'เพื่อให้แผนปฏิบัติราชการ 5 ปี\r\nและแผนปฏิบัติราชการประจำปี ได้รับการทบทวนตามสถานการณ์ที่เปลี่ยนแปลง');
INSERT INTO `target` VALUES ('55', '57', 'เพื่อให้แผนป้องกันและปราบปราม\r\nการทุจริต 5 ปี และแผนป้องกัน\r\nและปราบปรามการทุจริตประจำปี กรมธุรกิจพลังงาน ได้รับการทบทวนตามสถานการณ์ที่เปลี่ยนแปลง');
INSERT INTO `target` VALUES ('56', '58', 'เพื่อให้มีการพัฒนาองค์การที่มุ่งสู่การเป็นองค์กรสมรรถนะสูงอย่างเป็นระบบและต่อเนื่อง');
INSERT INTO `target` VALUES ('57', '59', 'เพื่อยกระดับประสิทธิภาพการบริหารจัดการภาครัฐตามหลักธรรมาภิบาล');
INSERT INTO `target` VALUES ('58', '60', 'รักษาระดับคะแนนในแต่ละดัชนีให้ไม่น้อยกว่าปีที่ผ่านมา');
INSERT INTO `target` VALUES ('59', '61', 'เพื่อให้ผู้ปฏิบัติงานควบคุมน้ำมันเชื้อเพลิง มีมาตรฐานและเกณฑ์ความรู้เป็นไปตามที่กฎหมายกำหนด');
INSERT INTO `target` VALUES ('60', '62', 'เพื่อให้มีการจัดทำคู่มือ หรือแนวทางการปฏิบัติงานตรวจสอบภายใน');
INSERT INTO `target` VALUES ('61', '63', 'เพื่อให้บุคลากร ธพ. สามารถพัฒนาความรู้ในภารกิจ ทักษะ และมีสมรรถนะเพิ่มขึ้น');
INSERT INTO `target` VALUES ('62', '64', 'เพื่อให้ผู้เข้ารับการฝึกอบรมมีความรู้ที่เกี่ยวข้อง ด้านจริยธรรม คุณธรรม และมีความเข้าใจเรื่องการทุจริต ผลประโยชน์ทับซ้อนต่างๆ เพิ่มขึ้น');
INSERT INTO `target` VALUES ('63', '65', 'เพื่อให้บุคลากร ธพ. ทุกระดับได้รับความรู้ข้อมูลข่าวสารรวดเร็วทันสมัย');

-- ----------------------------
-- Table structure for target_log
-- ----------------------------
DROP TABLE IF EXISTS `target_log`;
CREATE TABLE `target_log` (
  `targetlog_id` int(11) NOT NULL AUTO_INCREMENT,
  `target_id` int(11) NOT NULL,
  `plan_id` int(11) NOT NULL,
  `target_name` varchar(255) NOT NULL,
  `date` datetime NOT NULL,
  `user_id` int(11) NOT NULL,
  PRIMARY KEY (`targetlog_id`),
  KEY `fk_Targetlog_target_idx` (`target_id`),
  KEY `fk_Strategy_log_User_id1_idx` (`user_id`),
  CONSTRAINT `fk_Targetlog_User1` FOREIGN KEY (`user_id`) REFERENCES `user` (`user_id`),
  CONSTRAINT `fk_Targetlog_target` FOREIGN KEY (`target_id`) REFERENCES `target` (`target_id`)
) ENGINE=InnoDB AUTO_INCREMENT=2 DEFAULT CHARSET=utf8;

-- ----------------------------
-- Records of target_log
-- ----------------------------
INSERT INTO `target_log` VALUES ('1', '1', '2', 'เพื่อเพิ่มประสิทธิภาพการบริหารจัดการน้ำมันเชื้อเพลิง ให้สอดคล้องกับสถานการณ์ปัจจุบัน', '2019-07-09 14:34:48', '1');

-- ----------------------------
-- Table structure for transaction
-- ----------------------------
DROP TABLE IF EXISTS `transaction`;
CREATE TABLE `transaction` (
  `transac_id` int(11) NOT NULL AUTO_INCREMENT,
  `transactype_id` int(11) NOT NULL,
  `kpi_id` int(11) NOT NULL,
  `datatype_id` int(11) NOT NULL,
  `user_id` int(11) NOT NULL,
  `1_oct` double DEFAULT NULL,
  `2_nov` double DEFAULT NULL,
  `3_dec` double DEFAULT NULL,
  `4_jan` double DEFAULT NULL,
  `5_feb` double DEFAULT NULL,
  `6_mar` double DEFAULT NULL,
  `7_apr` double DEFAULT NULL,
  `8_may` double DEFAULT NULL,
  `9_jun` double DEFAULT NULL,
  `10_jul` double DEFAULT NULL,
  `11_aug` double DEFAULT NULL,
  `12_sep` double DEFAULT NULL,
  `transac_update` longtext NOT NULL,
  `transac_remark` longtext,
  PRIMARY KEY (`transac_id`,`transactype_id`,`kpi_id`,`datatype_id`),
  KEY `fk_Transaction_Transaction_type1_idx` (`transactype_id`),
  KEY `fk_Transaction_Kpi1_idx` (`kpi_id`),
  KEY `fk_Transaction_User1_idx` (`user_id`),
  KEY `fk_Transaction_Data_type1_idx` (`datatype_id`),
  CONSTRAINT `fk_Transaction_Data_type1` FOREIGN KEY (`datatype_id`) REFERENCES `data_type` (`datatype_id`) ON DELETE NO ACTION ON UPDATE NO ACTION,
  CONSTRAINT `fk_Transaction_Kpi1` FOREIGN KEY (`kpi_id`) REFERENCES `kpi` (`kpi_id`),
  CONSTRAINT `fk_Transaction_Transaction_type1` FOREIGN KEY (`transactype_id`) REFERENCES `transaction_type` (`transactype_id`),
  CONSTRAINT `fk_Transaction_User1` FOREIGN KEY (`user_id`) REFERENCES `user` (`user_id`)
) ENGINE=InnoDB AUTO_INCREMENT=11 DEFAULT CHARSET=utf8;

-- ----------------------------
-- Records of transaction
-- ----------------------------
INSERT INTO `transaction` VALUES ('1', '2', '14', '1', '1', '1', '111', '1', '1', '1', '1', '1', '1', '1', '1', '1', '1', '2019-08-21 15:08:54', '');
INSERT INTO `transaction` VALUES ('2', '2', '14', '2', '1', '1', '19', '1', '1', '1', '1', '1', '1', '1', '1', '1', '1', '2019-08-21 15:08:54', '');
INSERT INTO `transaction` VALUES ('3', '1', '12', '1', '1', '-2', '0', '0', '0', '0', '0', '0', '0', '0', '0', '10', '0', '2019-08-21 15:30:57', '');
INSERT INTO `transaction` VALUES ('4', '1', '12', '2', '1', '0', '0', '0', '0', '0', '0', '0', '0', '0', '0', '10', '0', '2019-08-21 15:30:57', '');
INSERT INTO `transaction` VALUES ('5', '1', '12', '1', '1', '45', '454', '45545', '0', '0', '0', '0', '0', '0', '0', '0', '0', '2019-08-19 06:35:28', '');
INSERT INTO `transaction` VALUES ('6', '1', '12', '2', '1', '15', '21', '21121', '0', '0', '0', '0', '0', '0', '0', '0', '0', '2019-08-19 06:35:28', '');
INSERT INTO `transaction` VALUES ('7', '2', '15', '1', '1', '0', '0', '0', '0', '0', '0', '0', '0', '0', '0', '0', '0', '2019-08-22 11:03:49', '');
INSERT INTO `transaction` VALUES ('8', '2', '15', '2', '1', '0', '0', '0', '0', '0', '0', '0', '0', '0', '0', '0', '0', '2019-08-22 11:03:49', '');
INSERT INTO `transaction` VALUES ('9', '1', '30', '1', '1', '45', '564', '53', '0', '10', '0', '0', '0', '0', '0', '0', '0', '2019-08-21 15:35:42', '');
INSERT INTO `transaction` VALUES ('10', '1', '30', '2', '1', '15', '45', '44', '0', '10', '0', '0', '0', '0', '0', '0', '0', '2019-08-21 15:35:42', '');

-- ----------------------------
-- Table structure for transaction_log
-- ----------------------------
DROP TABLE IF EXISTS `transaction_log`;
CREATE TABLE `transaction_log` (
  `transaclog_id` int(11) NOT NULL AUTO_INCREMENT,
  `transac_id` int(11) NOT NULL,
  `transactype_id` int(11) NOT NULL,
  `kpi_id` int(11) NOT NULL,
  `datatype_id` int(11) NOT NULL,
  `1_oct` double DEFAULT NULL,
  `2_nov` double DEFAULT NULL,
  `3_dec` double DEFAULT NULL,
  `4_jan` double DEFAULT NULL,
  `5_feb` double DEFAULT NULL,
  `6_mar` double DEFAULT NULL,
  `7_apr` double DEFAULT NULL,
  `8_may` double DEFAULT NULL,
  `9_jun` double DEFAULT NULL,
  `10_jul` double DEFAULT NULL,
  `11_aug` double DEFAULT NULL,
  `12_sep` double DEFAULT NULL,
  `transac_update` longtext NOT NULL,
  `transac_remark` longtext,
  `user_id` int(11) NOT NULL,
  PRIMARY KEY (`transaclog_id`),
  KEY `fk_Transaction_log_Transaction1_idx` (`transac_id`,`transactype_id`,`kpi_id`,`datatype_id`),
  KEY `fk_Transaction_log_User_idx` (`user_id`),
  CONSTRAINT `fk_Transaction_log_Transaction1` FOREIGN KEY (`transac_id`, `transactype_id`, `kpi_id`, `datatype_id`) REFERENCES `transaction` (`transac_id`, `transactype_id`, `kpi_id`, `datatype_id`) ON DELETE CASCADE ON UPDATE CASCADE,
  CONSTRAINT `fk_Transaction_log_User` FOREIGN KEY (`user_id`) REFERENCES `user` (`user_id`) ON DELETE NO ACTION ON UPDATE NO ACTION
) ENGINE=InnoDB AUTO_INCREMENT=18 DEFAULT CHARSET=utf8;

-- ----------------------------
-- Records of transaction_log
-- ----------------------------
INSERT INTO `transaction_log` VALUES ('11', '1', '2', '14', '1', '0', '0', '0', '0', '0', '0', '0', '0', '0', '0', '0', '0', '2019-08-21 15:24:40', '', '1');
INSERT INTO `transaction_log` VALUES ('12', '3', '1', '12', '1', '-2', '0', '0', '0', '0', '0', '0', '0', '0', '0', '0', '0', '2019-08-21 15:30:57', 'transac_remark', '1');
INSERT INTO `transaction_log` VALUES ('14', '9', '1', '30', '1', '45', '564', '53', '0', '10', '0', '0', '0', '0', '0', '0', '0', '2019-08-21 15:35:42', '', '1');
INSERT INTO `transaction_log` VALUES ('15', '10', '1', '30', '2', '5', '45', '44', '0', '10', '0', '0', '0', '0', '0', '0', '0', '2019-08-21 15:35:42', '', '1');
INSERT INTO `transaction_log` VALUES ('16', '7', '2', '15', '1', '455', '45', '111', '0', '0', '0', '0', '0', '0', '0', '50', '0', '2019-08-22 11:03:49', '', '1');
INSERT INTO `transaction_log` VALUES ('17', '8', '2', '15', '2', '287', '41', '24', '0', '0', '0', '0', '0', '0', '0', '17', '0', '2019-08-22 11:03:50', '', '1');

-- ----------------------------
-- Table structure for transaction_type
-- ----------------------------
DROP TABLE IF EXISTS `transaction_type`;
CREATE TABLE `transaction_type` (
  `transactype_id` int(11) NOT NULL AUTO_INCREMENT,
  `transactype_name` varchar(255) NOT NULL,
  PRIMARY KEY (`transactype_id`)
) ENGINE=InnoDB AUTO_INCREMENT=3 DEFAULT CHARSET=utf8;

-- ----------------------------
-- Records of transaction_type
-- ----------------------------
INSERT INTO `transaction_type` VALUES ('1', 'แผนปฏิบัติงาน');
INSERT INTO `transaction_type` VALUES ('2', 'แผนงบประมาณ');

-- ----------------------------
-- Table structure for user
-- ----------------------------
DROP TABLE IF EXISTS `user`;
CREATE TABLE `user` (
  `user_id` int(11) NOT NULL AUTO_INCREMENT,
  `role_id` int(11) NOT NULL,
  `dept_id` int(11) NOT NULL,
  `user_login` varchar(255) NOT NULL,
  `user_pass` varchar(255) DEFAULT NULL,
  `user_name` varchar(255) DEFAULT NULL,
  `user_contact` varchar(255) DEFAULT NULL,
  PRIMARY KEY (`user_id`),
  KEY `fk_User_Role_idx` (`role_id`),
  KEY `fk_User_Department1_idx` (`dept_id`),
  CONSTRAINT `fk_User_Department1` FOREIGN KEY (`dept_id`) REFERENCES `department` (`dept_id`) ON DELETE CASCADE ON UPDATE CASCADE,
  CONSTRAINT `fk_User_Role` FOREIGN KEY (`role_id`) REFERENCES `role` (`role_id`)
) ENGINE=InnoDB AUTO_INCREMENT=2 DEFAULT CHARSET=utf8;

-- ----------------------------
-- Records of user
-- ----------------------------
INSERT INTO `user` VALUES ('1', '2', '8', 'sutthida', '1234', 'Sutthida Kruaun', '0913071224');
